;City;Year;Thermal_stress;size
0;Владивосток;1979;extreme cold stress;0
1;Владивосток;1979;strong cold stress;4
2;Владивосток;1979;moderate cold stress;11
3;Владивосток;1979;slight cold stress;32
4;Владивосток;1979;no thermal stress;52
5;Владивосток;1979;slight heat stress;38
6;Владивосток;1979;moderate heat stress;15
7;Владивосток;1979;strong heat stress;1
8;Владивосток;1979;extreme heat stress;0
9;Владивосток;1980;extreme cold stress;0
10;Владивосток;1980;strong cold stress;1
11;Владивосток;1980;moderate cold stress;18
12;Владивосток;1980;slight cold stress;34
13;Владивосток;1980;no thermal stress;56
14;Владивосток;1980;slight heat stress;40
15;Владивосток;1980;moderate heat stress;4
16;Владивосток;1980;strong heat stress;0
17;Владивосток;1980;extreme heat stress;0
18;Владивосток;1981;extreme cold stress;1
19;Владивосток;1981;strong cold stress;5
20;Владивосток;1981;moderate cold stress;21
21;Владивосток;1981;slight cold stress;42
22;Владивосток;1981;no thermal stress;47
23;Владивосток;1981;slight heat stress;34
24;Владивосток;1981;moderate heat stress;3
25;Владивосток;1981;strong heat stress;0
26;Владивосток;1981;extreme heat stress;0
27;Владивосток;1982;extreme cold stress;3
28;Владивосток;1982;strong cold stress;0
29;Владивосток;1982;moderate cold stress;20
30;Владивосток;1982;slight cold stress;31
31;Владивосток;1982;no thermal stress;50
32;Владивосток;1982;slight heat stress;42
33;Владивосток;1982;moderate heat stress;7
34;Владивосток;1982;strong heat stress;0
35;Владивосток;1982;extreme heat stress;0
36;Владивосток;1983;extreme cold stress;1
37;Владивосток;1983;strong cold stress;6
38;Владивосток;1983;moderate cold stress;28
39;Владивосток;1983;slight cold stress;39
40;Владивосток;1983;no thermal stress;37
41;Владивосток;1983;slight heat stress;32
42;Владивосток;1983;moderate heat stress;10
43;Владивосток;1983;strong heat stress;0
44;Владивосток;1983;extreme heat stress;0
45;Владивосток;1984;extreme cold stress;0
46;Владивосток;1984;strong cold stress;0
47;Владивосток;1984;moderate cold stress;20
48;Владивосток;1984;slight cold stress;43
49;Владивосток;1984;no thermal stress;45
50;Владивосток;1984;slight heat stress;32
51;Владивосток;1984;moderate heat stress;12
52;Владивосток;1984;strong heat stress;1
53;Владивосток;1984;extreme heat stress;0
54;Владивосток;1985;extreme cold stress;0
55;Владивосток;1985;strong cold stress;1
56;Владивосток;1985;moderate cold stress;9
57;Владивосток;1985;slight cold stress;54
58;Владивосток;1985;no thermal stress;38
59;Владивосток;1985;slight heat stress;40
60;Владивосток;1985;moderate heat stress;11
61;Владивосток;1985;strong heat stress;0
62;Владивосток;1985;extreme heat stress;0
63;Владивосток;1986;extreme cold stress;1
64;Владивосток;1986;strong cold stress;2
65;Владивосток;1986;moderate cold stress;28
66;Владивосток;1986;slight cold stress;47
67;Владивосток;1986;no thermal stress;49
68;Владивосток;1986;slight heat stress;24
69;Владивосток;1986;moderate heat stress;2
70;Владивосток;1986;strong heat stress;0
71;Владивосток;1986;extreme heat stress;0
72;Владивосток;1987;extreme cold stress;0
73;Владивосток;1987;strong cold stress;6
74;Владивосток;1987;moderate cold stress;23
75;Владивосток;1987;slight cold stress;34
76;Владивосток;1987;no thermal stress;56
77;Владивосток;1987;slight heat stress;31
78;Владивосток;1987;moderate heat stress;3
79;Владивосток;1987;strong heat stress;0
80;Владивосток;1987;extreme heat stress;0
81;Владивосток;1988;extreme cold stress;1
82;Владивосток;1988;strong cold stress;6
83;Владивосток;1988;moderate cold stress;20
84;Владивосток;1988;slight cold stress;28
85;Владивосток;1988;no thermal stress;58
86;Владивосток;1988;slight heat stress;31
87;Владивосток;1988;moderate heat stress;8
88;Владивосток;1988;strong heat stress;1
89;Владивосток;1988;extreme heat stress;0
90;Владивосток;1989;extreme cold stress;1
91;Владивосток;1989;strong cold stress;4
92;Владивосток;1989;moderate cold stress;21
93;Владивосток;1989;slight cold stress;53
94;Владивосток;1989;no thermal stress;31
95;Владивосток;1989;slight heat stress;32
96;Владивосток;1989;moderate heat stress;11
97;Владивосток;1989;strong heat stress;0
98;Владивосток;1989;extreme heat stress;0
99;Владивосток;1990;extreme cold stress;0
100;Владивосток;1990;strong cold stress;3
101;Владивосток;1990;moderate cold stress;15
102;Владивосток;1990;slight cold stress;39
103;Владивосток;1990;no thermal stress;50
104;Владивосток;1990;slight heat stress;36
105;Владивосток;1990;moderate heat stress;10
106;Владивосток;1990;strong heat stress;0
107;Владивосток;1990;extreme heat stress;0
108;Владивосток;1991;extreme cold stress;1
109;Владивосток;1991;strong cold stress;2
110;Владивосток;1991;moderate cold stress;15
111;Владивосток;1991;slight cold stress;34
112;Владивосток;1991;no thermal stress;44
113;Владивосток;1991;slight heat stress;51
114;Владивосток;1991;moderate heat stress;6
115;Владивосток;1991;strong heat stress;0
116;Владивосток;1991;extreme heat stress;0
117;Владивосток;1992;extreme cold stress;1
118;Владивосток;1992;strong cold stress;4
119;Владивосток;1992;moderate cold stress;19
120;Владивосток;1992;slight cold stress;39
121;Владивосток;1992;no thermal stress;42
122;Владивосток;1992;slight heat stress;43
123;Владивосток;1992;moderate heat stress;5
124;Владивосток;1992;strong heat stress;0
125;Владивосток;1992;extreme heat stress;0
126;Владивосток;1993;extreme cold stress;0
127;Владивосток;1993;strong cold stress;6
128;Владивосток;1993;moderate cold stress;22
129;Владивосток;1993;slight cold stress;39
130;Владивосток;1993;no thermal stress;61
131;Владивосток;1993;slight heat stress;24
132;Владивосток;1993;moderate heat stress;1
133;Владивосток;1993;strong heat stress;0
134;Владивосток;1993;extreme heat stress;0
135;Владивосток;1994;extreme cold stress;1
136;Владивосток;1994;strong cold stress;6
137;Владивосток;1994;moderate cold stress;15
138;Владивосток;1994;slight cold stress;38
139;Владивосток;1994;no thermal stress;30
140;Владивосток;1994;slight heat stress;35
141;Владивосток;1994;moderate heat stress;28
142;Владивосток;1994;strong heat stress;0
143;Владивосток;1994;extreme heat stress;0
144;Владивосток;1995;extreme cold stress;0
145;Владивосток;1995;strong cold stress;4
146;Владивосток;1995;moderate cold stress;22
147;Владивосток;1995;slight cold stress;43
148;Владивосток;1995;no thermal stress;33
149;Владивосток;1995;slight heat stress;43
150;Владивосток;1995;moderate heat stress;7
151;Владивосток;1995;strong heat stress;1
152;Владивосток;1995;extreme heat stress;0
153;Владивосток;1996;extreme cold stress;0
154;Владивосток;1996;strong cold stress;4
155;Владивосток;1996;moderate cold stress;18
156;Владивосток;1996;slight cold stress;42
157;Владивосток;1996;no thermal stress;45
158;Владивосток;1996;slight heat stress;41
159;Владивосток;1996;moderate heat stress;3
160;Владивосток;1996;strong heat stress;0
161;Владивосток;1996;extreme heat stress;0
162;Владивосток;1997;extreme cold stress;0
163;Владивосток;1997;strong cold stress;6
164;Владивосток;1997;moderate cold stress;24
165;Владивосток;1997;slight cold stress;31
166;Владивосток;1997;no thermal stress;40
167;Владивосток;1997;slight heat stress;43
168;Владивосток;1997;moderate heat stress;9
169;Владивосток;1997;strong heat stress;0
170;Владивосток;1997;extreme heat stress;0
171;Владивосток;1998;extreme cold stress;0
172;Владивосток;1998;strong cold stress;2
173;Владивосток;1998;moderate cold stress;14
174;Владивосток;1998;slight cold stress;40
175;Владивосток;1998;no thermal stress;53
176;Владивосток;1998;slight heat stress;41
177;Владивосток;1998;moderate heat stress;3
178;Владивосток;1998;strong heat stress;0
179;Владивосток;1998;extreme heat stress;0
180;Владивосток;1999;extreme cold stress;0
181;Владивосток;1999;strong cold stress;1
182;Владивосток;1999;moderate cold stress;17
183;Владивосток;1999;slight cold stress;29
184;Владивосток;1999;no thermal stress;43
185;Владивосток;1999;slight heat stress;52
186;Владивосток;1999;moderate heat stress;11
187;Владивосток;1999;strong heat stress;0
188;Владивосток;1999;extreme heat stress;0
189;Владивосток;2000;extreme cold stress;2
190;Владивосток;2000;strong cold stress;3
191;Владивосток;2000;moderate cold stress;18
192;Владивосток;2000;slight cold stress;23
193;Владивосток;2000;no thermal stress;49
194;Владивосток;2000;slight heat stress;47
195;Владивосток;2000;moderate heat stress;10
196;Владивосток;2000;strong heat stress;1
197;Владивосток;2000;extreme heat stress;0
198;Владивосток;2001;extreme cold stress;0
199;Владивосток;2001;strong cold stress;4
200;Владивосток;2001;moderate cold stress;13
201;Владивосток;2001;slight cold stress;33
202;Владивосток;2001;no thermal stress;37
203;Владивосток;2001;slight heat stress;51
204;Владивосток;2001;moderate heat stress;14
205;Владивосток;2001;strong heat stress;1
206;Владивосток;2001;extreme heat stress;0
207;Владивосток;2002;extreme cold stress;0
208;Владивосток;2002;strong cold stress;1
209;Владивосток;2002;moderate cold stress;13
210;Владивосток;2002;slight cold stress;34
211;Владивосток;2002;no thermal stress;50
212;Владивосток;2002;slight heat stress;50
213;Владивосток;2002;moderate heat stress;5
214;Владивосток;2002;strong heat stress;0
215;Владивосток;2002;extreme heat stress;0
216;Владивосток;2003;extreme cold stress;0
217;Владивосток;2003;strong cold stress;1
218;Владивосток;2003;moderate cold stress;13
219;Владивосток;2003;slight cold stress;30
220;Владивосток;2003;no thermal stress;58
221;Владивосток;2003;slight heat stress;45
222;Владивосток;2003;moderate heat stress;6
223;Владивосток;2003;strong heat stress;0
224;Владивосток;2003;extreme heat stress;0
225;Владивосток;2004;extreme cold stress;0
226;Владивосток;2004;strong cold stress;2
227;Владивосток;2004;moderate cold stress;16
228;Владивосток;2004;slight cold stress;25
229;Владивосток;2004;no thermal stress;51
230;Владивосток;2004;slight heat stress;40
231;Владивосток;2004;moderate heat stress;19
232;Владивосток;2004;strong heat stress;0
233;Владивосток;2004;extreme heat stress;0
234;Владивосток;2005;extreme cold stress;4
235;Владивосток;2005;strong cold stress;5
236;Владивосток;2005;moderate cold stress;17
237;Владивосток;2005;slight cold stress;25
238;Владивосток;2005;no thermal stress;48
239;Владивосток;2005;slight heat stress;42
240;Владивосток;2005;moderate heat stress;12
241;Владивосток;2005;strong heat stress;0
242;Владивосток;2005;extreme heat stress;0
243;Владивосток;2006;extreme cold stress;0
244;Владивосток;2006;strong cold stress;1
245;Владивосток;2006;moderate cold stress;16
246;Владивосток;2006;slight cold stress;38
247;Владивосток;2006;no thermal stress;38
248;Владивосток;2006;slight heat stress;44
249;Владивосток;2006;moderate heat stress;15
250;Владивосток;2006;strong heat stress;1
251;Владивосток;2006;extreme heat stress;0
252;Владивосток;2007;extreme cold stress;0
253;Владивосток;2007;strong cold stress;3
254;Владивосток;2007;moderate cold stress;16
255;Владивосток;2007;slight cold stress;40
256;Владивосток;2007;no thermal stress;40
257;Владивосток;2007;slight heat stress;45
258;Владивосток;2007;moderate heat stress;9
259;Владивосток;2007;strong heat stress;0
260;Владивосток;2007;extreme heat stress;0
261;Владивосток;2008;extreme cold stress;0
262;Владивосток;2008;strong cold stress;1
263;Владивосток;2008;moderate cold stress;19
264;Владивосток;2008;slight cold stress;29
265;Владивосток;2008;no thermal stress;44
266;Владивосток;2008;slight heat stress;48
267;Владивосток;2008;moderate heat stress;11
268;Владивосток;2008;strong heat stress;1
269;Владивосток;2008;extreme heat stress;0
270;Владивосток;2009;extreme cold stress;0
271;Владивосток;2009;strong cold stress;2
272;Владивосток;2009;moderate cold stress;16
273;Владивосток;2009;slight cold stress;46
274;Владивосток;2009;no thermal stress;49
275;Владивосток;2009;slight heat stress;38
276;Владивосток;2009;moderate heat stress;2
277;Владивосток;2009;strong heat stress;0
278;Владивосток;2009;extreme heat stress;0
279;Владивосток;2010;extreme cold stress;1
280;Владивосток;2010;strong cold stress;7
281;Владивосток;2010;moderate cold stress;11
282;Владивосток;2010;slight cold stress;35
283;Владивосток;2010;no thermal stress;32
284;Владивосток;2010;slight heat stress;46
285;Владивосток;2010;moderate heat stress;21
286;Владивосток;2010;strong heat stress;0
287;Владивосток;2010;extreme heat stress;0
288;Владивосток;2011;extreme cold stress;0
289;Владивосток;2011;strong cold stress;7
290;Владивосток;2011;moderate cold stress;16
291;Владивосток;2011;slight cold stress;27
292;Владивосток;2011;no thermal stress;37
293;Владивосток;2011;slight heat stress;51
294;Владивосток;2011;moderate heat stress;15
295;Владивосток;2011;strong heat stress;0
296;Владивосток;2011;extreme heat stress;0
297;Владивосток;2012;extreme cold stress;0
298;Владивосток;2012;strong cold stress;1
299;Владивосток;2012;moderate cold stress;10
300;Владивосток;2012;slight cold stress;44
301;Владивосток;2012;no thermal stress;41
302;Владивосток;2012;slight heat stress;44
303;Владивосток;2012;moderate heat stress;13
304;Владивосток;2012;strong heat stress;0
305;Владивосток;2012;extreme heat stress;0
306;Владивосток;2013;extreme cold stress;0
307;Владивосток;2013;strong cold stress;3
308;Владивосток;2013;moderate cold stress;13
309;Владивосток;2013;slight cold stress;38
310;Владивосток;2013;no thermal stress;45
311;Владивосток;2013;slight heat stress;35
312;Владивосток;2013;moderate heat stress;17
313;Владивосток;2013;strong heat stress;2
314;Владивосток;2013;extreme heat stress;0
315;Владивосток;2014;extreme cold stress;0
316;Владивосток;2014;strong cold stress;3
317;Владивосток;2014;moderate cold stress;10
318;Владивосток;2014;slight cold stress;25
319;Владивосток;2014;no thermal stress;49
320;Владивосток;2014;slight heat stress;51
321;Владивосток;2014;moderate heat stress;14
322;Владивосток;2014;strong heat stress;1
323;Владивосток;2014;extreme heat stress;0
324;Владивосток;2015;extreme cold stress;0
325;Владивосток;2015;strong cold stress;1
326;Владивосток;2015;moderate cold stress;14
327;Владивосток;2015;slight cold stress;33
328;Владивосток;2015;no thermal stress;49
329;Владивосток;2015;slight heat stress;44
330;Владивосток;2015;moderate heat stress;10
331;Владивосток;2015;strong heat stress;2
332;Владивосток;2015;extreme heat stress;0
333;Владивосток;2016;extreme cold stress;1
334;Владивосток;2016;strong cold stress;0
335;Владивосток;2016;moderate cold stress;15
336;Владивосток;2016;slight cold stress;32
337;Владивосток;2016;no thermal stress;51
338;Владивосток;2016;slight heat stress;35
339;Владивосток;2016;moderate heat stress;19
340;Владивосток;2016;strong heat stress;0
341;Владивосток;2016;extreme heat stress;0
342;Владивосток;2017;extreme cold stress;1
343;Владивосток;2017;strong cold stress;2
344;Владивосток;2017;moderate cold stress;11
345;Владивосток;2017;slight cold stress;32
346;Владивосток;2017;no thermal stress;30
347;Владивосток;2017;slight heat stress;57
348;Владивосток;2017;moderate heat stress;20
349;Владивосток;2017;strong heat stress;0
350;Владивосток;2017;extreme heat stress;0
351;Владивосток;2018;extreme cold stress;1
352;Владивосток;2018;strong cold stress;2
353;Владивосток;2018;moderate cold stress;8
354;Владивосток;2018;slight cold stress;29
355;Владивосток;2018;no thermal stress;60
356;Владивосток;2018;slight heat stress;32
357;Владивосток;2018;moderate heat stress;19
358;Владивосток;2018;strong heat stress;2
359;Владивосток;2018;extreme heat stress;0
360;Екатеринбург;1979;extreme cold stress;3
361;Екатеринбург;1979;strong cold stress;14
362;Екатеринбург;1979;moderate cold stress;29
363;Екатеринбург;1979;slight cold stress;38
364;Екатеринбург;1979;no thermal stress;32
365;Екатеринбург;1979;slight heat stress;32
366;Екатеринбург;1979;moderate heat stress;5
367;Екатеринбург;1979;strong heat stress;0
368;Екатеринбург;1979;extreme heat stress;0
369;Екатеринбург;1980;extreme cold stress;9
370;Екатеринбург;1980;strong cold stress;9
371;Екатеринбург;1980;moderate cold stress;29
372;Екатеринбург;1980;slight cold stress;35
373;Екатеринбург;1980;no thermal stress;35
374;Екатеринбург;1980;slight heat stress;23
375;Екатеринбург;1980;moderate heat stress;13
376;Екатеринбург;1980;strong heat stress;0
377;Екатеринбург;1980;extreme heat stress;0
378;Екатеринбург;1981;extreme cold stress;8
379;Екатеринбург;1981;strong cold stress;18
380;Екатеринбург;1981;moderate cold stress;12
381;Екатеринбург;1981;slight cold stress;22
382;Екатеринбург;1981;no thermal stress;20
383;Екатеринбург;1981;slight heat stress;37
384;Екатеринбург;1981;moderate heat stress;35
385;Екатеринбург;1981;strong heat stress;1
386;Екатеринбург;1981;extreme heat stress;0
387;Екатеринбург;1982;extreme cold stress;7
388;Екатеринбург;1982;strong cold stress;5
389;Екатеринбург;1982;moderate cold stress;22
390;Екатеринбург;1982;slight cold stress;34
391;Екатеринбург;1982;no thermal stress;36
392;Екатеринбург;1982;slight heat stress;28
393;Екатеринбург;1982;moderate heat stress;19
394;Екатеринбург;1982;strong heat stress;2
395;Екатеринбург;1982;extreme heat stress;0
396;Екатеринбург;1983;extreme cold stress;14
397;Екатеринбург;1983;strong cold stress;14
398;Екатеринбург;1983;moderate cold stress;27
399;Екатеринбург;1983;slight cold stress;23
400;Екатеринбург;1983;no thermal stress;33
401;Екатеринбург;1983;slight heat stress;27
402;Екатеринбург;1983;moderate heat stress;14
403;Екатеринбург;1983;strong heat stress;1
404;Екатеринбург;1983;extreme heat stress;0
405;Екатеринбург;1984;extreme cold stress;12
406;Екатеринбург;1984;strong cold stress;13
407;Екатеринбург;1984;moderate cold stress;20
408;Екатеринбург;1984;slight cold stress;30
409;Екатеринбург;1984;no thermal stress;31
410;Екатеринбург;1984;slight heat stress;35
411;Екатеринбург;1984;moderate heat stress;12
412;Екатеринбург;1984;strong heat stress;0
413;Екатеринбург;1984;extreme heat stress;0
414;Екатеринбург;1985;extreme cold stress;9
415;Екатеринбург;1985;strong cold stress;11
416;Екатеринбург;1985;moderate cold stress;22
417;Екатеринбург;1985;slight cold stress;35
418;Екатеринбург;1985;no thermal stress;46
419;Екатеринбург;1985;slight heat stress;17
420;Екатеринбург;1985;moderate heat stress;11
421;Екатеринбург;1985;strong heat stress;2
422;Екатеринбург;1985;extreme heat stress;0
423;Екатеринбург;1986;extreme cold stress;16
424;Екатеринбург;1986;strong cold stress;16
425;Екатеринбург;1986;moderate cold stress;24
426;Екатеринбург;1986;slight cold stress;44
427;Екатеринбург;1986;no thermal stress;31
428;Екатеринбург;1986;slight heat stress;19
429;Екатеринбург;1986;moderate heat stress;3
430;Екатеринбург;1986;strong heat stress;0
431;Екатеринбург;1986;extreme heat stress;0
432;Екатеринбург;1987;extreme cold stress;10
433;Екатеринбург;1987;strong cold stress;13
434;Екатеринбург;1987;moderate cold stress;17
435;Екатеринбург;1987;slight cold stress;21
436;Екатеринбург;1987;no thermal stress;41
437;Екатеринбург;1987;slight heat stress;26
438;Екатеринбург;1987;moderate heat stress;19
439;Екатеринбург;1987;strong heat stress;6
440;Екатеринбург;1987;extreme heat stress;0
441;Екатеринбург;1988;extreme cold stress;7
442;Екатеринбург;1988;strong cold stress;9
443;Екатеринбург;1988;moderate cold stress;23
444;Екатеринбург;1988;slight cold stress;23
445;Екатеринбург;1988;no thermal stress;25
446;Екатеринбург;1988;slight heat stress;39
447;Екатеринбург;1988;moderate heat stress;25
448;Екатеринбург;1988;strong heat stress;2
449;Екатеринбург;1988;extreme heat stress;0
450;Екатеринбург;1989;extreme cold stress;8
451;Екатеринбург;1989;strong cold stress;7
452;Екатеринбург;1989;moderate cold stress;20
453;Екатеринбург;1989;slight cold stress;23
454;Екатеринбург;1989;no thermal stress;36
455;Екатеринбург;1989;slight heat stress;17
456;Екатеринбург;1989;moderate heat stress;36
457;Екатеринбург;1989;strong heat stress;6
458;Екатеринбург;1989;extreme heat stress;0
459;Екатеринбург;1990;extreme cold stress;10
460;Екатеринбург;1990;strong cold stress;17
461;Екатеринбург;1990;moderate cold stress;30
462;Екатеринбург;1990;slight cold stress;31
463;Екатеринбург;1990;no thermal stress;19
464;Екатеринбург;1990;slight heat stress;34
465;Екатеринбург;1990;moderate heat stress;10
466;Екатеринбург;1990;strong heat stress;2
467;Екатеринбург;1990;extreme heat stress;0
468;Екатеринбург;1991;extreme cold stress;3
469;Екатеринбург;1991;strong cold stress;7
470;Екатеринбург;1991;moderate cold stress;29
471;Екатеринбург;1991;slight cold stress;35
472;Екатеринбург;1991;no thermal stress;26
473;Екатеринбург;1991;slight heat stress;28
474;Екатеринбург;1991;moderate heat stress;21
475;Екатеринбург;1991;strong heat stress;4
476;Екатеринбург;1991;extreme heat stress;0
477;Екатеринбург;1992;extreme cold stress;6
478;Екатеринбург;1992;strong cold stress;16
479;Екатеринбург;1992;moderate cold stress;25
480;Екатеринбург;1992;slight cold stress;36
481;Екатеринбург;1992;no thermal stress;45
482;Екатеринбург;1992;slight heat stress;23
483;Екатеринбург;1992;moderate heat stress;2
484;Екатеринбург;1992;strong heat stress;0
485;Екатеринбург;1992;extreme heat stress;0
486;Екатеринбург;1993;extreme cold stress;24
487;Екатеринбург;1993;strong cold stress;8
488;Екатеринбург;1993;moderate cold stress;16
489;Екатеринбург;1993;slight cold stress;26
490;Екатеринбург;1993;no thermal stress;34
491;Екатеринбург;1993;slight heat stress;33
492;Екатеринбург;1993;moderate heat stress;11
493;Екатеринбург;1993;strong heat stress;1
494;Екатеринбург;1993;extreme heat stress;0
495;Екатеринбург;1994;extreme cold stress;3
496;Екатеринбург;1994;strong cold stress;9
497;Екатеринбург;1994;moderate cold stress;31
498;Екатеринбург;1994;slight cold stress;43
499;Екатеринбург;1994;no thermal stress;39
500;Екатеринбург;1994;slight heat stress;21
501;Екатеринбург;1994;moderate heat stress;7
502;Екатеринбург;1994;strong heat stress;0
503;Екатеринбург;1994;extreme heat stress;0
504;Екатеринбург;1995;extreme cold stress;10
505;Екатеринбург;1995;strong cold stress;5
506;Екатеринбург;1995;moderate cold stress;18
507;Екатеринбург;1995;slight cold stress;28
508;Екатеринбург;1995;no thermal stress;27
509;Екатеринбург;1995;slight heat stress;38
510;Екатеринбург;1995;moderate heat stress;23
511;Екатеринбург;1995;strong heat stress;4
512;Екатеринбург;1995;extreme heat stress;0
513;Екатеринбург;1996;extreme cold stress;14
514;Екатеринбург;1996;strong cold stress;14
515;Екатеринбург;1996;moderate cold stress;18
516;Екатеринбург;1996;slight cold stress;32
517;Екатеринбург;1996;no thermal stress;29
518;Екатеринбург;1996;slight heat stress;35
519;Екатеринбург;1996;moderate heat stress;10
520;Екатеринбург;1996;strong heat stress;1
521;Екатеринбург;1996;extreme heat stress;0
522;Екатеринбург;1997;extreme cold stress;6
523;Екатеринбург;1997;strong cold stress;6
524;Екатеринбург;1997;moderate cold stress;32
525;Екатеринбург;1997;slight cold stress;48
526;Екатеринбург;1997;no thermal stress;33
527;Екатеринбург;1997;slight heat stress;20
528;Екатеринбург;1997;moderate heat stress;7
529;Екатеринбург;1997;strong heat stress;1
530;Екатеринбург;1997;extreme heat stress;0
531;Екатеринбург;1998;extreme cold stress;11
532;Екатеринбург;1998;strong cold stress;14
533;Екатеринбург;1998;moderate cold stress;18
534;Екатеринбург;1998;slight cold stress;22
535;Екатеринбург;1998;no thermal stress;30
536;Екатеринбург;1998;slight heat stress;24
537;Екатеринбург;1998;moderate heat stress;29
538;Екатеринбург;1998;strong heat stress;5
539;Екатеринбург;1998;extreme heat stress;0
540;Екатеринбург;1999;extreme cold stress;8
541;Екатеринбург;1999;strong cold stress;21
542;Екатеринбург;1999;moderate cold stress;29
543;Екатеринбург;1999;slight cold stress;34
544;Екатеринбург;1999;no thermal stress;26
545;Екатеринбург;1999;slight heat stress;21
546;Екатеринбург;1999;moderate heat stress;14
547;Екатеринбург;1999;strong heat stress;0
548;Екатеринбург;1999;extreme heat stress;0
549;Екатеринбург;2000;extreme cold stress;21
550;Екатеринбург;2000;strong cold stress;9
551;Екатеринбург;2000;moderate cold stress;18
552;Екатеринбург;2000;slight cold stress;28
553;Екатеринбург;2000;no thermal stress;27
554;Екатеринбург;2000;slight heat stress;31
555;Екатеринбург;2000;moderate heat stress;17
556;Екатеринбург;2000;strong heat stress;2
557;Екатеринбург;2000;extreme heat stress;0
558;Екатеринбург;2001;extreme cold stress;4
559;Екатеринбург;2001;strong cold stress;9
560;Екатеринбург;2001;moderate cold stress;28
561;Екатеринбург;2001;slight cold stress;53
562;Екатеринбург;2001;no thermal stress;30
563;Екатеринбург;2001;slight heat stress;25
564;Екатеринбург;2001;moderate heat stress;3
565;Екатеринбург;2001;strong heat stress;1
566;Екатеринбург;2001;extreme heat stress;0
567;Екатеринбург;2002;extreme cold stress;7
568;Екатеринбург;2002;strong cold stress;15
569;Екатеринбург;2002;moderate cold stress;35
570;Екатеринбург;2002;slight cold stress;38
571;Екатеринбург;2002;no thermal stress;32
572;Екатеринбург;2002;slight heat stress;15
573;Екатеринбург;2002;moderate heat stress;11
574;Екатеринбург;2002;strong heat stress;0
575;Екатеринбург;2002;extreme heat stress;0
576;Екатеринбург;2003;extreme cold stress;4
577;Екатеринбург;2003;strong cold stress;7
578;Екатеринбург;2003;moderate cold stress;16
579;Екатеринбург;2003;slight cold stress;31
580;Екатеринбург;2003;no thermal stress;35
581;Екатеринбург;2003;slight heat stress;43
582;Екатеринбург;2003;moderate heat stress;17
583;Екатеринбург;2003;strong heat stress;0
584;Екатеринбург;2003;extreme heat stress;0
585;Екатеринбург;2004;extreme cold stress;2
586;Екатеринбург;2004;strong cold stress;11
587;Екатеринбург;2004;moderate cold stress;16
588;Екатеринбург;2004;slight cold stress;39
589;Екатеринбург;2004;no thermal stress;34
590;Екатеринбург;2004;slight heat stress;26
591;Екатеринбург;2004;moderate heat stress;20
592;Екатеринбург;2004;strong heat stress;5
593;Екатеринбург;2004;extreme heat stress;0
594;Екатеринбург;2005;extreme cold stress;3
595;Екатеринбург;2005;strong cold stress;4
596;Екатеринбург;2005;moderate cold stress;27
597;Екатеринбург;2005;slight cold stress;38
598;Екатеринбург;2005;no thermal stress;30
599;Екатеринбург;2005;slight heat stress;27
600;Екатеринбург;2005;moderate heat stress;23
601;Екатеринбург;2005;strong heat stress;1
602;Екатеринбург;2005;extreme heat stress;0
603;Екатеринбург;2006;extreme cold stress;9
604;Екатеринбург;2006;strong cold stress;8
605;Екатеринбург;2006;moderate cold stress;22
606;Екатеринбург;2006;slight cold stress;37
607;Екатеринбург;2006;no thermal stress;32
608;Екатеринбург;2006;slight heat stress;27
609;Екатеринбург;2006;moderate heat stress;17
610;Екатеринбург;2006;strong heat stress;1
611;Екатеринбург;2006;extreme heat stress;0
612;Екатеринбург;2007;extreme cold stress;4
613;Екатеринбург;2007;strong cold stress;14
614;Екатеринбург;2007;moderate cold stress;29
615;Екатеринбург;2007;slight cold stress;32
616;Екатеринбург;2007;no thermal stress;31
617;Екатеринбург;2007;slight heat stress;27
618;Екатеринбург;2007;moderate heat stress;15
619;Екатеринбург;2007;strong heat stress;1
620;Екатеринбург;2007;extreme heat stress;0
621;Екатеринбург;2008;extreme cold stress;10
622;Екатеринбург;2008;strong cold stress;17
623;Екатеринбург;2008;moderate cold stress;23
624;Екатеринбург;2008;slight cold stress;25
625;Екатеринбург;2008;no thermal stress;22
626;Екатеринбург;2008;slight heat stress;38
627;Екатеринбург;2008;moderate heat stress;18
628;Екатеринбург;2008;strong heat stress;0
629;Екатеринбург;2008;extreme heat stress;0
630;Екатеринбург;2009;extreme cold stress;6
631;Екатеринбург;2009;strong cold stress;12
632;Екатеринбург;2009;moderate cold stress;18
633;Екатеринбург;2009;slight cold stress;29
634;Екатеринбург;2009;no thermal stress;45
635;Екатеринбург;2009;slight heat stress;33
636;Екатеринбург;2009;moderate heat stress;9
637;Екатеринбург;2009;strong heat stress;1
638;Екатеринбург;2009;extreme heat stress;0
639;Екатеринбург;2010;extreme cold stress;3
640;Екатеринбург;2010;strong cold stress;9
641;Екатеринбург;2010;moderate cold stress;16
642;Екатеринбург;2010;slight cold stress;31
643;Екатеринбург;2010;no thermal stress;32
644;Екатеринбург;2010;slight heat stress;31
645;Екатеринбург;2010;moderate heat stress;22
646;Екатеринбург;2010;strong heat stress;9
647;Екатеринбург;2010;extreme heat stress;0
648;Екатеринбург;2011;extreme cold stress;2
649;Екатеринбург;2011;strong cold stress;13
650;Екатеринбург;2011;moderate cold stress;22
651;Екатеринбург;2011;slight cold stress;31
652;Екатеринбург;2011;no thermal stress;37
653;Екатеринбург;2011;slight heat stress;29
654;Екатеринбург;2011;moderate heat stress;17
655;Екатеринбург;2011;strong heat stress;2
656;Екатеринбург;2011;extreme heat stress;0
657;Екатеринбург;2012;extreme cold stress;1
658;Екатеринбург;2012;strong cold stress;9
659;Екатеринбург;2012;moderate cold stress;16
660;Екатеринбург;2012;slight cold stress;28
661;Екатеринбург;2012;no thermal stress;32
662;Екатеринбург;2012;slight heat stress;29
663;Екатеринбург;2012;moderate heat stress;23
664;Екатеринбург;2012;strong heat stress;15
665;Екатеринбург;2012;extreme heat stress;0
666;Екатеринбург;2013;extreme cold stress;4
667;Екатеринбург;2013;strong cold stress;10
668;Екатеринбург;2013;moderate cold stress;15
669;Екатеринбург;2013;slight cold stress;34
670;Екатеринбург;2013;no thermal stress;30
671;Екатеринбург;2013;slight heat stress;41
672;Екатеринбург;2013;moderate heat stress;15
673;Екатеринбург;2013;strong heat stress;4
674;Екатеринбург;2013;extreme heat stress;0
675;Екатеринбург;2014;extreme cold stress;3
676;Екатеринбург;2014;strong cold stress;20
677;Екатеринбург;2014;moderate cold stress;20
678;Екатеринбург;2014;slight cold stress;39
679;Екатеринбург;2014;no thermal stress;29
680;Екатеринбург;2014;slight heat stress;30
681;Екатеринбург;2014;moderate heat stress;12
682;Екатеринбург;2014;strong heat stress;0
683;Екатеринбург;2014;extreme heat stress;0
684;Екатеринбург;2015;extreme cold stress;2
685;Екатеринбург;2015;strong cold stress;10
686;Екатеринбург;2015;moderate cold stress;35
687;Екатеринбург;2015;slight cold stress;45
688;Екатеринбург;2015;no thermal stress;25
689;Екатеринбург;2015;slight heat stress;17
690;Екатеринбург;2015;moderate heat stress;17
691;Екатеринбург;2015;strong heat stress;2
692;Екатеринбург;2015;extreme heat stress;0
693;Екатеринбург;2016;extreme cold stress;1
694;Екатеринбург;2016;strong cold stress;14
695;Екатеринбург;2016;moderate cold stress;18
696;Екатеринбург;2016;slight cold stress;13
697;Екатеринбург;2016;no thermal stress;36
698;Екатеринбург;2016;slight heat stress;30
699;Екатеринбург;2016;moderate heat stress;29
700;Екатеринбург;2016;strong heat stress;12
701;Екатеринбург;2016;extreme heat stress;0
702;Екатеринбург;2017;extreme cold stress;8
703;Екатеринбург;2017;strong cold stress;16
704;Екатеринбург;2017;moderate cold stress;19
705;Екатеринбург;2017;slight cold stress;28
706;Екатеринбург;2017;no thermal stress;35
707;Екатеринбург;2017;slight heat stress;38
708;Екатеринбург;2017;moderate heat stress;7
709;Екатеринбург;2017;strong heat stress;2
710;Екатеринбург;2017;extreme heat stress;0
711;Екатеринбург;2018;extreme cold stress;4
712;Екатеринбург;2018;strong cold stress;11
713;Екатеринбург;2018;moderate cold stress;29
714;Екатеринбург;2018;slight cold stress;38
715;Екатеринбург;2018;no thermal stress;27
716;Екатеринбург;2018;slight heat stress;26
717;Екатеринбург;2018;moderate heat stress;16
718;Екатеринбург;2018;strong heat stress;2
719;Екатеринбург;2018;extreme heat stress;0
720;Краснодар;1979;extreme cold stress;0
721;Краснодар;1979;strong cold stress;0
722;Краснодар;1979;moderate cold stress;0
723;Краснодар;1979;slight cold stress;2
724;Краснодар;1979;no thermal stress;6
725;Краснодар;1979;slight heat stress;36
726;Краснодар;1979;moderate heat stress;66
727;Краснодар;1979;strong heat stress;38
728;Краснодар;1979;extreme heat stress;5
729;Краснодар;1980;extreme cold stress;0
730;Краснодар;1980;strong cold stress;1
731;Краснодар;1980;moderate cold stress;4
732;Краснодар;1980;slight cold stress;16
733;Краснодар;1980;no thermal stress;19
734;Краснодар;1980;slight heat stress;30
735;Краснодар;1980;moderate heat stress;45
736;Краснодар;1980;strong heat stress;29
737;Краснодар;1980;extreme heat stress;9
738;Краснодар;1981;extreme cold stress;0
739;Краснодар;1981;strong cold stress;1
740;Краснодар;1981;moderate cold stress;1
741;Краснодар;1981;slight cold stress;11
742;Краснодар;1981;no thermal stress;12
743;Краснодар;1981;slight heat stress;42
744;Краснодар;1981;moderate heat stress;44
745;Краснодар;1981;strong heat stress;36
746;Краснодар;1981;extreme heat stress;6
747;Краснодар;1982;extreme cold stress;0
748;Краснодар;1982;strong cold stress;0
749;Краснодар;1982;moderate cold stress;0
750;Краснодар;1982;slight cold stress;4
751;Краснодар;1982;no thermal stress;21
752;Краснодар;1982;slight heat stress;55
753;Краснодар;1982;moderate heat stress;46
754;Краснодар;1982;strong heat stress;27
755;Краснодар;1982;extreme heat stress;0
756;Краснодар;1983;extreme cold stress;0
757;Краснодар;1983;strong cold stress;0
758;Краснодар;1983;moderate cold stress;1
759;Краснодар;1983;slight cold stress;6
760;Краснодар;1983;no thermal stress;20
761;Краснодар;1983;slight heat stress;50
762;Краснодар;1983;moderate heat stress;40
763;Краснодар;1983;strong heat stress;28
764;Краснодар;1983;extreme heat stress;8
765;Краснодар;1984;extreme cold stress;0
766;Краснодар;1984;strong cold stress;0
767;Краснодар;1984;moderate cold stress;0
768;Краснодар;1984;slight cold stress;4
769;Краснодар;1984;no thermal stress;15
770;Краснодар;1984;slight heat stress;55
771;Краснодар;1984;moderate heat stress;56
772;Краснодар;1984;strong heat stress;21
773;Краснодар;1984;extreme heat stress;2
774;Краснодар;1985;extreme cold stress;0
775;Краснодар;1985;strong cold stress;0
776;Краснодар;1985;moderate cold stress;1
777;Краснодар;1985;slight cold stress;9
778;Краснодар;1985;no thermal stress;26
779;Краснодар;1985;slight heat stress;34
780;Краснодар;1985;moderate heat stress;49
781;Краснодар;1985;strong heat stress;28
782;Краснодар;1985;extreme heat stress;6
783;Краснодар;1986;extreme cold stress;0
784;Краснодар;1986;strong cold stress;1
785;Краснодар;1986;moderate cold stress;4
786;Краснодар;1986;slight cold stress;8
787;Краснодар;1986;no thermal stress;11
788;Краснодар;1986;slight heat stress;23
789;Краснодар;1986;moderate heat stress;52
790;Краснодар;1986;strong heat stress;46
791;Краснодар;1986;extreme heat stress;8
792;Краснодар;1987;extreme cold stress;0
793;Краснодар;1987;strong cold stress;0
794;Краснодар;1987;moderate cold stress;5
795;Краснодар;1987;slight cold stress;9
796;Краснодар;1987;no thermal stress;28
797;Краснодар;1987;slight heat stress;36
798;Краснодар;1987;moderate heat stress;57
799;Краснодар;1987;strong heat stress;13
800;Краснодар;1987;extreme heat stress;5
801;Краснодар;1988;extreme cold stress;0
802;Краснодар;1988;strong cold stress;0
803;Краснодар;1988;moderate cold stress;3
804;Краснодар;1988;slight cold stress;11
805;Краснодар;1988;no thermal stress;20
806;Краснодар;1988;slight heat stress;36
807;Краснодар;1988;moderate heat stress;61
808;Краснодар;1988;strong heat stress;20
809;Краснодар;1988;extreme heat stress;2
810;Краснодар;1989;extreme cold stress;0
811;Краснодар;1989;strong cold stress;0
812;Краснодар;1989;moderate cold stress;1
813;Краснодар;1989;slight cold stress;13
814;Краснодар;1989;no thermal stress;17
815;Краснодар;1989;slight heat stress;31
816;Краснодар;1989;moderate heat stress;54
817;Краснодар;1989;strong heat stress;36
818;Краснодар;1989;extreme heat stress;1
819;Краснодар;1990;extreme cold stress;0
820;Краснодар;1990;strong cold stress;0
821;Краснодар;1990;moderate cold stress;3
822;Краснодар;1990;slight cold stress;8
823;Краснодар;1990;no thermal stress;22
824;Краснодар;1990;slight heat stress;34
825;Краснодар;1990;moderate heat stress;57
826;Краснодар;1990;strong heat stress;25
827;Краснодар;1990;extreme heat stress;4
828;Краснодар;1991;extreme cold stress;0
829;Краснодар;1991;strong cold stress;1
830;Краснодар;1991;moderate cold stress;1
831;Краснодар;1991;slight cold stress;14
832;Краснодар;1991;no thermal stress;19
833;Краснодар;1991;slight heat stress;35
834;Краснодар;1991;moderate heat stress;43
835;Краснодар;1991;strong heat stress;34
836;Краснодар;1991;extreme heat stress;6
837;Краснодар;1992;extreme cold stress;0
838;Краснодар;1992;strong cold stress;0
839;Краснодар;1992;moderate cold stress;1
840;Краснодар;1992;slight cold stress;17
841;Краснодар;1992;no thermal stress;25
842;Краснодар;1992;slight heat stress;39
843;Краснодар;1992;moderate heat stress;57
844;Краснодар;1992;strong heat stress;12
845;Краснодар;1992;extreme heat stress;2
846;Краснодар;1993;extreme cold stress;0
847;Краснодар;1993;strong cold stress;0
848;Краснодар;1993;moderate cold stress;1
849;Краснодар;1993;slight cold stress;8
850;Краснодар;1993;no thermal stress;32
851;Краснодар;1993;slight heat stress;52
852;Краснодар;1993;moderate heat stress;41
853;Краснодар;1993;strong heat stress;18
854;Краснодар;1993;extreme heat stress;1
855;Краснодар;1994;extreme cold stress;0
856;Краснодар;1994;strong cold stress;0
857;Краснодар;1994;moderate cold stress;4
858;Краснодар;1994;slight cold stress;5
859;Краснодар;1994;no thermal stress;15
860;Краснодар;1994;slight heat stress;41
861;Краснодар;1994;moderate heat stress;52
862;Краснодар;1994;strong heat stress;32
863;Краснодар;1994;extreme heat stress;4
864;Краснодар;1995;extreme cold stress;0
865;Краснодар;1995;strong cold stress;0
866;Краснодар;1995;moderate cold stress;5
867;Краснодар;1995;slight cold stress;9
868;Краснодар;1995;no thermal stress;15
869;Краснодар;1995;slight heat stress;30
870;Краснодар;1995;moderate heat stress;62
871;Краснодар;1995;strong heat stress;31
872;Краснодар;1995;extreme heat stress;1
873;Краснодар;1996;extreme cold stress;0
874;Краснодар;1996;strong cold stress;1
875;Краснодар;1996;moderate cold stress;3
876;Краснодар;1996;slight cold stress;12
877;Краснодар;1996;no thermal stress;17
878;Краснодар;1996;slight heat stress;39
879;Краснодар;1996;moderate heat stress;48
880;Краснодар;1996;strong heat stress;20
881;Краснодар;1996;extreme heat stress;13
882;Краснодар;1997;extreme cold stress;0
883;Краснодар;1997;strong cold stress;0
884;Краснодар;1997;moderate cold stress;1
885;Краснодар;1997;slight cold stress;16
886;Краснодар;1997;no thermal stress;19
887;Краснодар;1997;slight heat stress;41
888;Краснодар;1997;moderate heat stress;53
889;Краснодар;1997;strong heat stress;23
890;Краснодар;1997;extreme heat stress;0
891;Краснодар;1998;extreme cold stress;0
892;Краснодар;1998;strong cold stress;0
893;Краснодар;1998;moderate cold stress;0
894;Краснодар;1998;slight cold stress;3
895;Краснодар;1998;no thermal stress;19
896;Краснодар;1998;slight heat stress;40
897;Краснодар;1998;moderate heat stress;43
898;Краснодар;1998;strong heat stress;33
899;Краснодар;1998;extreme heat stress;15
900;Краснодар;1999;extreme cold stress;0
901;Краснодар;1999;strong cold stress;0
902;Краснодар;1999;moderate cold stress;3
903;Краснодар;1999;slight cold stress;10
904;Краснодар;1999;no thermal stress;27
905;Краснодар;1999;slight heat stress;33
906;Краснодар;1999;moderate heat stress;34
907;Краснодар;1999;strong heat stress;34
908;Краснодар;1999;extreme heat stress;12
909;Краснодар;2000;extreme cold stress;0
910;Краснодар;2000;strong cold stress;0
911;Краснодар;2000;moderate cold stress;3
912;Краснодар;2000;slight cold stress;19
913;Краснодар;2000;no thermal stress;22
914;Краснодар;2000;slight heat stress;23
915;Краснодар;2000;moderate heat stress;45
916;Краснодар;2000;strong heat stress;32
917;Краснодар;2000;extreme heat stress;9
918;Краснодар;2001;extreme cold stress;0
919;Краснодар;2001;strong cold stress;0
920;Краснодар;2001;moderate cold stress;0
921;Краснодар;2001;slight cold stress;15
922;Краснодар;2001;no thermal stress;22
923;Краснодар;2001;slight heat stress;37
924;Краснодар;2001;moderate heat stress;37
925;Краснодар;2001;strong heat stress;21
926;Краснодар;2001;extreme heat stress;21
927;Краснодар;2002;extreme cold stress;0
928;Краснодар;2002;strong cold stress;0
929;Краснодар;2002;moderate cold stress;0
930;Краснодар;2002;slight cold stress;7
931;Краснодар;2002;no thermal stress;27
932;Краснодар;2002;slight heat stress;41
933;Краснодар;2002;moderate heat stress;49
934;Краснодар;2002;strong heat stress;25
935;Краснодар;2002;extreme heat stress;4
936;Краснодар;2003;extreme cold stress;0
937;Краснодар;2003;strong cold stress;1
938;Краснодар;2003;moderate cold stress;1
939;Краснодар;2003;slight cold stress;5
940;Краснодар;2003;no thermal stress;20
941;Краснодар;2003;slight heat stress;40
942;Краснодар;2003;moderate heat stress;60
943;Краснодар;2003;strong heat stress;21
944;Краснодар;2003;extreme heat stress;5
945;Краснодар;2004;extreme cold stress;0
946;Краснодар;2004;strong cold stress;0
947;Краснодар;2004;moderate cold stress;0
948;Краснодар;2004;slight cold stress;11
949;Краснодар;2004;no thermal stress;21
950;Краснодар;2004;slight heat stress;39
951;Краснодар;2004;moderate heat stress;61
952;Краснодар;2004;strong heat stress;21
953;Краснодар;2004;extreme heat stress;0
954;Краснодар;2005;extreme cold stress;0
955;Краснодар;2005;strong cold stress;0
956;Краснодар;2005;moderate cold stress;0
957;Краснодар;2005;slight cold stress;3
958;Краснодар;2005;no thermal stress;14
959;Краснодар;2005;slight heat stress;33
960;Краснодар;2005;moderate heat stress;55
961;Краснодар;2005;strong heat stress;41
962;Краснодар;2005;extreme heat stress;7
963;Краснодар;2006;extreme cold stress;0
964;Краснодар;2006;strong cold stress;0
965;Краснодар;2006;moderate cold stress;2
966;Краснодар;2006;slight cold stress;3
967;Краснодар;2006;no thermal stress;21
968;Краснодар;2006;slight heat stress;33
969;Краснодар;2006;moderate heat stress;42
970;Краснодар;2006;strong heat stress;34
971;Краснодар;2006;extreme heat stress;18
972;Краснодар;2007;extreme cold stress;0
973;Краснодар;2007;strong cold stress;0
974;Краснодар;2007;moderate cold stress;0
975;Краснодар;2007;slight cold stress;6
976;Краснодар;2007;no thermal stress;9
977;Краснодар;2007;slight heat stress;25
978;Краснодар;2007;moderate heat stress;29
979;Краснодар;2007;strong heat stress;54
980;Краснодар;2007;extreme heat stress;30
981;Краснодар;2008;extreme cold stress;0
982;Краснодар;2008;strong cold stress;0
983;Краснодар;2008;moderate cold stress;2
984;Краснодар;2008;slight cold stress;12
985;Краснодар;2008;no thermal stress;21
986;Краснодар;2008;slight heat stress;37
987;Краснодар;2008;moderate heat stress;41
988;Краснодар;2008;strong heat stress;31
989;Краснодар;2008;extreme heat stress;9
990;Краснодар;2009;extreme cold stress;0
991;Краснодар;2009;strong cold stress;0
992;Краснодар;2009;moderate cold stress;2
993;Краснодар;2009;slight cold stress;11
994;Краснодар;2009;no thermal stress;14
995;Краснодар;2009;slight heat stress;37
996;Краснодар;2009;moderate heat stress;41
997;Краснодар;2009;strong heat stress;40
998;Краснодар;2009;extreme heat stress;8
999;Краснодар;2010;extreme cold stress;0
1000;Краснодар;2010;strong cold stress;0
1001;Краснодар;2010;moderate cold stress;0
1002;Краснодар;2010;slight cold stress;2
1003;Краснодар;2010;no thermal stress;16
1004;Краснодар;2010;slight heat stress;20
1005;Краснодар;2010;moderate heat stress;41
1006;Краснодар;2010;strong heat stress;45
1007;Краснодар;2010;extreme heat stress;29
1008;Краснодар;2011;extreme cold stress;0
1009;Краснодар;2011;strong cold stress;0
1010;Краснодар;2011;moderate cold stress;1
1011;Краснодар;2011;slight cold stress;5
1012;Краснодар;2011;no thermal stress;15
1013;Краснодар;2011;slight heat stress;51
1014;Краснодар;2011;moderate heat stress;43
1015;Краснодар;2011;strong heat stress;28
1016;Краснодар;2011;extreme heat stress;10
1017;Краснодар;2012;extreme cold stress;0
1018;Краснодар;2012;strong cold stress;0
1019;Краснодар;2012;moderate cold stress;0
1020;Краснодар;2012;slight cold stress;2
1021;Краснодар;2012;no thermal stress;7
1022;Краснодар;2012;slight heat stress;22
1023;Краснодар;2012;moderate heat stress;60
1024;Краснодар;2012;strong heat stress;39
1025;Краснодар;2012;extreme heat stress;23
1026;Краснодар;2013;extreme cold stress;0
1027;Краснодар;2013;strong cold stress;0
1028;Краснодар;2013;moderate cold stress;1
1029;Краснодар;2013;slight cold stress;12
1030;Краснодар;2013;no thermal stress;8
1031;Краснодар;2013;slight heat stress;28
1032;Краснодар;2013;moderate heat stress;49
1033;Краснодар;2013;strong heat stress;46
1034;Краснодар;2013;extreme heat stress;9
1035;Краснодар;2014;extreme cold stress;0
1036;Краснодар;2014;strong cold stress;0
1037;Краснодар;2014;moderate cold stress;2
1038;Краснодар;2014;slight cold stress;4
1039;Краснодар;2014;no thermal stress;14
1040;Краснодар;2014;slight heat stress;29
1041;Краснодар;2014;moderate heat stress;40
1042;Краснодар;2014;strong heat stress;54
1043;Краснодар;2014;extreme heat stress;10
1044;Краснодар;2015;extreme cold stress;0
1045;Краснодар;2015;strong cold stress;0
1046;Краснодар;2015;moderate cold stress;0
1047;Краснодар;2015;slight cold stress;5
1048;Краснодар;2015;no thermal stress;10
1049;Краснодар;2015;slight heat stress;26
1050;Краснодар;2015;moderate heat stress;51
1051;Краснодар;2015;strong heat stress;43
1052;Краснодар;2015;extreme heat stress;18
1053;Краснодар;2016;extreme cold stress;0
1054;Краснодар;2016;strong cold stress;0
1055;Краснодар;2016;moderate cold stress;1
1056;Краснодар;2016;slight cold stress;9
1057;Краснодар;2016;no thermal stress;19
1058;Краснодар;2016;slight heat stress;30
1059;Краснодар;2016;moderate heat stress;29
1060;Краснодар;2016;strong heat stress;46
1061;Краснодар;2016;extreme heat stress;19
1062;Краснодар;2017;extreme cold stress;0
1063;Краснодар;2017;strong cold stress;0
1064;Краснодар;2017;moderate cold stress;2
1065;Краснодар;2017;slight cold stress;6
1066;Краснодар;2017;no thermal stress;10
1067;Краснодар;2017;slight heat stress;29
1068;Краснодар;2017;moderate heat stress;35
1069;Краснодар;2017;strong heat stress;45
1070;Краснодар;2017;extreme heat stress;26
1071;Краснодар;2018;extreme cold stress;0
1072;Краснодар;2018;strong cold stress;0
1073;Краснодар;2018;moderate cold stress;0
1074;Краснодар;2018;slight cold stress;5
1075;Краснодар;2018;no thermal stress;5
1076;Краснодар;2018;slight heat stress;24
1077;Краснодар;2018;moderate heat stress;43
1078;Краснодар;2018;strong heat stress;49
1079;Краснодар;2018;extreme heat stress;27
1080;Москва;1979;extreme cold stress;1
1081;Москва;1979;strong cold stress;1
1082;Москва;1979;moderate cold stress;16
1083;Москва;1979;slight cold stress;32
1084;Москва;1979;no thermal stress;44
1085;Москва;1979;slight heat stress;41
1086;Москва;1979;moderate heat stress;18
1087;Москва;1979;strong heat stress;0
1088;Москва;1979;extreme heat stress;0
1089;Москва;1980;extreme cold stress;5
1090;Москва;1980;strong cold stress;15
1091;Москва;1980;moderate cold stress;18
1092;Москва;1980;slight cold stress;42
1093;Москва;1980;no thermal stress;37
1094;Москва;1980;slight heat stress;28
1095;Москва;1980;moderate heat stress;8
1096;Москва;1980;strong heat stress;0
1097;Москва;1980;extreme heat stress;0
1098;Москва;1981;extreme cold stress;1
1099;Москва;1981;strong cold stress;6
1100;Москва;1981;moderate cold stress;19
1101;Москва;1981;slight cold stress;22
1102;Москва;1981;no thermal stress;30
1103;Москва;1981;slight heat stress;40
1104;Москва;1981;moderate heat stress;22
1105;Москва;1981;strong heat stress;13
1106;Москва;1981;extreme heat stress;0
1107;Москва;1982;extreme cold stress;0
1108;Москва;1982;strong cold stress;8
1109;Москва;1982;moderate cold stress;21
1110;Москва;1982;slight cold stress;36
1111;Москва;1982;no thermal stress;47
1112;Москва;1982;slight heat stress;35
1113;Москва;1982;moderate heat stress;5
1114;Москва;1982;strong heat stress;1
1115;Москва;1982;extreme heat stress;0
1116;Москва;1983;extreme cold stress;2
1117;Москва;1983;strong cold stress;3
1118;Москва;1983;moderate cold stress;25
1119;Москва;1983;slight cold stress;28
1120;Москва;1983;no thermal stress;43
1121;Москва;1983;slight heat stress;42
1122;Москва;1983;moderate heat stress;10
1123;Москва;1983;strong heat stress;0
1124;Москва;1983;extreme heat stress;0
1125;Москва;1984;extreme cold stress;0
1126;Москва;1984;strong cold stress;1
1127;Москва;1984;moderate cold stress;23
1128;Москва;1984;slight cold stress;36
1129;Москва;1984;no thermal stress;46
1130;Москва;1984;slight heat stress;36
1131;Москва;1984;moderate heat stress;11
1132;Москва;1984;strong heat stress;0
1133;Москва;1984;extreme heat stress;0
1134;Москва;1985;extreme cold stress;4
1135;Москва;1985;strong cold stress;11
1136;Москва;1985;moderate cold stress;20
1137;Москва;1985;slight cold stress;24
1138;Москва;1985;no thermal stress;43
1139;Москва;1985;slight heat stress;39
1140;Москва;1985;moderate heat stress;11
1141;Москва;1985;strong heat stress;1
1142;Москва;1985;extreme heat stress;0
1143;Москва;1986;extreme cold stress;9
1144;Москва;1986;strong cold stress;7
1145;Москва;1986;moderate cold stress;20
1146;Москва;1986;slight cold stress;30
1147;Москва;1986;no thermal stress;27
1148;Москва;1986;slight heat stress;45
1149;Москва;1986;moderate heat stress;15
1150;Москва;1986;strong heat stress;0
1151;Москва;1986;extreme heat stress;0
1152;Москва;1987;extreme cold stress;3
1153;Москва;1987;strong cold stress;10
1154;Москва;1987;moderate cold stress;23
1155;Москва;1987;slight cold stress;38
1156;Москва;1987;no thermal stress;35
1157;Москва;1987;slight heat stress;38
1158;Москва;1987;moderate heat stress;6
1159;Москва;1987;strong heat stress;0
1160;Москва;1987;extreme heat stress;0
1161;Москва;1988;extreme cold stress;2
1162;Москва;1988;strong cold stress;4
1163;Москва;1988;moderate cold stress;24
1164;Москва;1988;slight cold stress;22
1165;Москва;1988;no thermal stress;36
1166;Москва;1988;slight heat stress;39
1167;Москва;1988;moderate heat stress;24
1168;Москва;1988;strong heat stress;2
1169;Москва;1988;extreme heat stress;0
1170;Москва;1989;extreme cold stress;0
1171;Москва;1989;strong cold stress;4
1172;Москва;1989;moderate cold stress;8
1173;Москва;1989;slight cold stress;40
1174;Москва;1989;no thermal stress;38
1175;Москва;1989;slight heat stress;42
1176;Москва;1989;moderate heat stress;20
1177;Москва;1989;strong heat stress;1
1178;Москва;1989;extreme heat stress;0
1179;Москва;1990;extreme cold stress;2
1180;Москва;1990;strong cold stress;13
1181;Москва;1990;moderate cold stress;34
1182;Москва;1990;slight cold stress;39
1183;Москва;1990;no thermal stress;34
1184;Москва;1990;slight heat stress;25
1185;Москва;1990;moderate heat stress;6
1186;Москва;1990;strong heat stress;0
1187;Москва;1990;extreme heat stress;0
1188;Москва;1991;extreme cold stress;1
1189;Москва;1991;strong cold stress;6
1190;Москва;1991;moderate cold stress;17
1191;Москва;1991;slight cold stress;40
1192;Москва;1991;no thermal stress;42
1193;Москва;1991;slight heat stress;29
1194;Москва;1991;moderate heat stress;14
1195;Москва;1991;strong heat stress;4
1196;Москва;1991;extreme heat stress;0
1197;Москва;1992;extreme cold stress;0
1198;Москва;1992;strong cold stress;1
1199;Москва;1992;moderate cold stress;22
1200;Москва;1992;slight cold stress;44
1201;Москва;1992;no thermal stress;25
1202;Москва;1992;slight heat stress;33
1203;Москва;1992;moderate heat stress;26
1204;Москва;1992;strong heat stress;2
1205;Москва;1992;extreme heat stress;0
1206;Москва;1993;extreme cold stress;8
1207;Москва;1993;strong cold stress;9
1208;Москва;1993;moderate cold stress;21
1209;Москва;1993;slight cold stress;37
1210;Москва;1993;no thermal stress;41
1211;Москва;1993;slight heat stress;36
1212;Москва;1993;moderate heat stress;1
1213;Москва;1993;strong heat stress;0
1214;Москва;1993;extreme heat stress;0
1215;Москва;1994;extreme cold stress;1
1216;Москва;1994;strong cold stress;9
1217;Москва;1994;moderate cold stress;16
1218;Москва;1994;slight cold stress;51
1219;Москва;1994;no thermal stress;43
1220;Москва;1994;slight heat stress;27
1221;Москва;1994;moderate heat stress;6
1222;Москва;1994;strong heat stress;0
1223;Москва;1994;extreme heat stress;0
1224;Москва;1995;extreme cold stress;1
1225;Москва;1995;strong cold stress;6
1226;Москва;1995;moderate cold stress;19
1227;Москва;1995;slight cold stress;25
1228;Москва;1995;no thermal stress;30
1229;Москва;1995;slight heat stress;46
1230;Москва;1995;moderate heat stress;25
1231;Москва;1995;strong heat stress;1
1232;Москва;1995;extreme heat stress;0
1233;Москва;1996;extreme cold stress;6
1234;Москва;1996;strong cold stress;7
1235;Москва;1996;moderate cold stress;13
1236;Москва;1996;slight cold stress;27
1237;Москва;1996;no thermal stress;39
1238;Москва;1996;slight heat stress;42
1239;Москва;1996;moderate heat stress;16
1240;Москва;1996;strong heat stress;3
1241;Москва;1996;extreme heat stress;0
1242;Москва;1997;extreme cold stress;3
1243;Москва;1997;strong cold stress;12
1244;Москва;1997;moderate cold stress;23
1245;Москва;1997;slight cold stress;30
1246;Москва;1997;no thermal stress;23
1247;Москва;1997;slight heat stress;45
1248;Москва;1997;moderate heat stress;15
1249;Москва;1997;strong heat stress;2
1250;Москва;1997;extreme heat stress;0
1251;Москва;1998;extreme cold stress;3
1252;Москва;1998;strong cold stress;8
1253;Москва;1998;moderate cold stress;20
1254;Москва;1998;slight cold stress;39
1255;Москва;1998;no thermal stress;37
1256;Москва;1998;slight heat stress;24
1257;Москва;1998;moderate heat stress;20
1258;Москва;1998;strong heat stress;2
1259;Москва;1998;extreme heat stress;0
1260;Москва;1999;extreme cold stress;6
1261;Москва;1999;strong cold stress;9
1262;Москва;1999;moderate cold stress;22
1263;Москва;1999;slight cold stress;19
1264;Москва;1999;no thermal stress;34
1265;Москва;1999;slight heat stress;33
1266;Москва;1999;moderate heat stress;25
1267;Москва;1999;strong heat stress;5
1268;Москва;1999;extreme heat stress;0
1269;Москва;2000;extreme cold stress;5
1270;Москва;2000;strong cold stress;9
1271;Москва;2000;moderate cold stress;23
1272;Москва;2000;slight cold stress;31
1273;Москва;2000;no thermal stress;42
1274;Москва;2000;slight heat stress;34
1275;Москва;2000;moderate heat stress;9
1276;Москва;2000;strong heat stress;0
1277;Москва;2000;extreme heat stress;0
1278;Москва;2001;extreme cold stress;1
1279;Москва;2001;strong cold stress;8
1280;Москва;2001;moderate cold stress;18
1281;Москва;2001;slight cold stress;26
1282;Москва;2001;no thermal stress;44
1283;Москва;2001;slight heat stress;35
1284;Москва;2001;moderate heat stress;19
1285;Москва;2001;strong heat stress;2
1286;Москва;2001;extreme heat stress;0
1287;Москва;2002;extreme cold stress;1
1288;Москва;2002;strong cold stress;6
1289;Москва;2002;moderate cold stress;16
1290;Москва;2002;slight cold stress;20
1291;Москва;2002;no thermal stress;40
1292;Москва;2002;slight heat stress;37
1293;Москва;2002;moderate heat stress;27
1294;Москва;2002;strong heat stress;6
1295;Москва;2002;extreme heat stress;0
1296;Москва;2003;extreme cold stress;1
1297;Москва;2003;strong cold stress;4
1298;Москва;2003;moderate cold stress;18
1299;Москва;2003;slight cold stress;45
1300;Москва;2003;no thermal stress;36
1301;Москва;2003;slight heat stress;38
1302;Москва;2003;moderate heat stress;11
1303;Москва;2003;strong heat stress;0
1304;Москва;2003;extreme heat stress;0
1305;Москва;2004;extreme cold stress;0
1306;Москва;2004;strong cold stress;4
1307;Москва;2004;moderate cold stress;26
1308;Москва;2004;slight cold stress;36
1309;Москва;2004;no thermal stress;40
1310;Москва;2004;slight heat stress;36
1311;Москва;2004;moderate heat stress;11
1312;Москва;2004;strong heat stress;0
1313;Москва;2004;extreme heat stress;0
1314;Москва;2005;extreme cold stress;0
1315;Москва;2005;strong cold stress;1
1316;Москва;2005;moderate cold stress;13
1317;Москва;2005;slight cold stress;35
1318;Москва;2005;no thermal stress;50
1319;Москва;2005;slight heat stress;42
1320;Москва;2005;moderate heat stress;12
1321;Москва;2005;strong heat stress;0
1322;Москва;2005;extreme heat stress;0
1323;Москва;2006;extreme cold stress;0
1324;Москва;2006;strong cold stress;3
1325;Москва;2006;moderate cold stress;8
1326;Москва;2006;slight cold stress;51
1327;Москва;2006;no thermal stress;39
1328;Москва;2006;slight heat stress;31
1329;Москва;2006;moderate heat stress;18
1330;Москва;2006;strong heat stress;3
1331;Москва;2006;extreme heat stress;0
1332;Москва;2007;extreme cold stress;0
1333;Москва;2007;strong cold stress;7
1334;Москва;2007;moderate cold stress;15
1335;Москва;2007;slight cold stress;22
1336;Москва;2007;no thermal stress;39
1337;Москва;2007;slight heat stress;41
1338;Москва;2007;moderate heat stress;22
1339;Москва;2007;strong heat stress;7
1340;Москва;2007;extreme heat stress;0
1341;Москва;2008;extreme cold stress;5
1342;Москва;2008;strong cold stress;10
1343;Москва;2008;moderate cold stress;27
1344;Москва;2008;slight cold stress;27
1345;Москва;2008;no thermal stress;37
1346;Москва;2008;slight heat stress;33
1347;Москва;2008;moderate heat stress;11
1348;Москва;2008;strong heat stress;3
1349;Москва;2008;extreme heat stress;0
1350;Москва;2009;extreme cold stress;1
1351;Москва;2009;strong cold stress;0
1352;Москва;2009;moderate cold stress;18
1353;Москва;2009;slight cold stress;32
1354;Москва;2009;no thermal stress;41
1355;Москва;2009;slight heat stress;46
1356;Москва;2009;moderate heat stress;13
1357;Москва;2009;strong heat stress;2
1358;Москва;2009;extreme heat stress;0
1359;Москва;2010;extreme cold stress;1
1360;Москва;2010;strong cold stress;4
1361;Москва;2010;moderate cold stress;12
1362;Москва;2010;slight cold stress;23
1363;Москва;2010;no thermal stress;31
1364;Москва;2010;slight heat stress;25
1365;Москва;2010;moderate heat stress;25
1366;Москва;2010;strong heat stress;24
1367;Москва;2010;extreme heat stress;8
1368;Москва;2011;extreme cold stress;0
1369;Москва;2011;strong cold stress;3
1370;Москва;2011;moderate cold stress;15
1371;Москва;2011;slight cold stress;26
1372;Москва;2011;no thermal stress;35
1373;Москва;2011;slight heat stress;46
1374;Москва;2011;moderate heat stress;24
1375;Москва;2011;strong heat stress;4
1376;Москва;2011;extreme heat stress;0
1377;Москва;2012;extreme cold stress;0
1378;Москва;2012;strong cold stress;2
1379;Москва;2012;moderate cold stress;19
1380;Москва;2012;slight cold stress;31
1381;Москва;2012;no thermal stress;35
1382;Москва;2012;slight heat stress;43
1383;Москва;2012;moderate heat stress;21
1384;Москва;2012;strong heat stress;2
1385;Москва;2012;extreme heat stress;0
1386;Москва;2013;extreme cold stress;5
1387;Москва;2013;strong cold stress;9
1388;Москва;2013;moderate cold stress;8
1389;Москва;2013;slight cold stress;21
1390;Москва;2013;no thermal stress;40
1391;Москва;2013;slight heat stress;39
1392;Москва;2013;moderate heat stress;28
1393;Москва;2013;strong heat stress;3
1394;Москва;2013;extreme heat stress;0
1395;Москва;2014;extreme cold stress;1
1396;Москва;2014;strong cold stress;3
1397;Москва;2014;moderate cold stress;12
1398;Москва;2014;slight cold stress;29
1399;Москва;2014;no thermal stress;32
1400;Москва;2014;slight heat stress;36
1401;Москва;2014;moderate heat stress;30
1402;Москва;2014;strong heat stress;10
1403;Москва;2014;extreme heat stress;0
1404;Москва;2015;extreme cold stress;0
1405;Москва;2015;strong cold stress;2
1406;Москва;2015;moderate cold stress;11
1407;Москва;2015;slight cold stress;28
1408;Москва;2015;no thermal stress;45
1409;Москва;2015;slight heat stress;45
1410;Москва;2015;moderate heat stress;22
1411;Москва;2015;strong heat stress;0
1412;Москва;2015;extreme heat stress;0
1413;Москва;2016;extreme cold stress;2
1414;Москва;2016;strong cold stress;5
1415;Москва;2016;moderate cold stress;20
1416;Москва;2016;slight cold stress;28
1417;Москва;2016;no thermal stress;27
1418;Москва;2016;slight heat stress;34
1419;Москва;2016;moderate heat stress;33
1420;Москва;2016;strong heat stress;4
1421;Москва;2016;extreme heat stress;0
1422;Москва;2017;extreme cold stress;2
1423;Москва;2017;strong cold stress;7
1424;Москва;2017;moderate cold stress;22
1425;Москва;2017;slight cold stress;35
1426;Москва;2017;no thermal stress;40
1427;Москва;2017;slight heat stress;33
1428;Москва;2017;moderate heat stress;13
1429;Москва;2017;strong heat stress;1
1430;Москва;2017;extreme heat stress;0
1431;Москва;2018;extreme cold stress;1
1432;Москва;2018;strong cold stress;4
1433;Москва;2018;moderate cold stress;7
1434;Москва;2018;slight cold stress;18
1435;Москва;2018;no thermal stress;32
1436;Москва;2018;slight heat stress;52
1437;Москва;2018;moderate heat stress;36
1438;Москва;2018;strong heat stress;3
1439;Москва;2018;extreme heat stress;0
1440;Новосибирск;1979;extreme cold stress;1
1441;Новосибирск;1979;strong cold stress;11
1442;Новосибирск;1979;moderate cold stress;22
1443;Новосибирск;1979;slight cold stress;24
1444;Новосибирск;1979;no thermal stress;37
1445;Новосибирск;1979;slight heat stress;32
1446;Новосибирск;1979;moderate heat stress;20
1447;Новосибирск;1979;strong heat stress;6
1448;Новосибирск;1979;extreme heat stress;0
1449;Новосибирск;1980;extreme cold stress;3
1450;Новосибирск;1980;strong cold stress;3
1451;Новосибирск;1980;moderate cold stress;21
1452;Новосибирск;1980;slight cold stress;36
1453;Новосибирск;1980;no thermal stress;33
1454;Новосибирск;1980;slight heat stress;33
1455;Новосибирск;1980;moderate heat stress;16
1456;Новосибирск;1980;strong heat stress;8
1457;Новосибирск;1980;extreme heat stress;0
1458;Новосибирск;1981;extreme cold stress;4
1459;Новосибирск;1981;strong cold stress;8
1460;Новосибирск;1981;moderate cold stress;10
1461;Новосибирск;1981;slight cold stress;21
1462;Новосибирск;1981;no thermal stress;40
1463;Новосибирск;1981;slight heat stress;47
1464;Новосибирск;1981;moderate heat stress;21
1465;Новосибирск;1981;strong heat stress;2
1466;Новосибирск;1981;extreme heat stress;0
1467;Новосибирск;1982;extreme cold stress;4
1468;Новосибирск;1982;strong cold stress;4
1469;Новосибирск;1982;moderate cold stress;13
1470;Новосибирск;1982;slight cold stress;32
1471;Новосибирск;1982;no thermal stress;32
1472;Новосибирск;1982;slight heat stress;29
1473;Новосибирск;1982;moderate heat stress;31
1474;Новосибирск;1982;strong heat stress;8
1475;Новосибирск;1982;extreme heat stress;0
1476;Новосибирск;1983;extreme cold stress;8
1477;Новосибирск;1983;strong cold stress;13
1478;Новосибирск;1983;moderate cold stress;25
1479;Новосибирск;1983;slight cold stress;19
1480;Новосибирск;1983;no thermal stress;32
1481;Новосибирск;1983;slight heat stress;25
1482;Новосибирск;1983;moderate heat stress;28
1483;Новосибирск;1983;strong heat stress;3
1484;Новосибирск;1983;extreme heat stress;0
1485;Новосибирск;1984;extreme cold stress;5
1486;Новосибирск;1984;strong cold stress;9
1487;Новосибирск;1984;moderate cold stress;19
1488;Новосибирск;1984;slight cold stress;33
1489;Новосибирск;1984;no thermal stress;32
1490;Новосибирск;1984;slight heat stress;36
1491;Новосибирск;1984;moderate heat stress;18
1492;Новосибирск;1984;strong heat stress;1
1493;Новосибирск;1984;extreme heat stress;0
1494;Новосибирск;1985;extreme cold stress;6
1495;Новосибирск;1985;strong cold stress;7
1496;Новосибирск;1985;moderate cold stress;21
1497;Новосибирск;1985;slight cold stress;37
1498;Новосибирск;1985;no thermal stress;43
1499;Новосибирск;1985;slight heat stress;25
1500;Новосибирск;1985;moderate heat stress;13
1501;Новосибирск;1985;strong heat stress;1
1502;Новосибирск;1985;extreme heat stress;0
1503;Новосибирск;1986;extreme cold stress;2
1504;Новосибирск;1986;strong cold stress;11
1505;Новосибирск;1986;moderate cold stress;25
1506;Новосибирск;1986;slight cold stress;34
1507;Новосибирск;1986;no thermal stress;35
1508;Новосибирск;1986;slight heat stress;28
1509;Новосибирск;1986;moderate heat stress;13
1510;Новосибирск;1986;strong heat stress;5
1511;Новосибирск;1986;extreme heat stress;0
1512;Новосибирск;1987;extreme cold stress;4
1513;Новосибирск;1987;strong cold stress;11
1514;Новосибирск;1987;moderate cold stress;16
1515;Новосибирск;1987;slight cold stress;33
1516;Новосибирск;1987;no thermal stress;22
1517;Новосибирск;1987;slight heat stress;41
1518;Новосибирск;1987;moderate heat stress;23
1519;Новосибирск;1987;strong heat stress;3
1520;Новосибирск;1987;extreme heat stress;0
1521;Новосибирск;1988;extreme cold stress;1
1522;Новосибирск;1988;strong cold stress;5
1523;Новосибирск;1988;moderate cold stress;23
1524;Новосибирск;1988;slight cold stress;35
1525;Новосибирск;1988;no thermal stress;36
1526;Новосибирск;1988;slight heat stress;30
1527;Новосибирск;1988;moderate heat stress;19
1528;Новосибирск;1988;strong heat stress;4
1529;Новосибирск;1988;extreme heat stress;0
1530;Новосибирск;1989;extreme cold stress;7
1531;Новосибирск;1989;strong cold stress;8
1532;Новосибирск;1989;moderate cold stress;13
1533;Новосибирск;1989;slight cold stress;28
1534;Новосибирск;1989;no thermal stress;24
1535;Новосибирск;1989;slight heat stress;42
1536;Новосибирск;1989;moderate heat stress;23
1537;Новосибирск;1989;strong heat stress;8
1538;Новосибирск;1989;extreme heat stress;0
1539;Новосибирск;1990;extreme cold stress;1
1540;Новосибирск;1990;strong cold stress;8
1541;Новосибирск;1990;moderate cold stress;15
1542;Новосибирск;1990;slight cold stress;24
1543;Новосибирск;1990;no thermal stress;44
1544;Новосибирск;1990;slight heat stress;40
1545;Новосибирск;1990;moderate heat stress;19
1546;Новосибирск;1990;strong heat stress;2
1547;Новосибирск;1990;extreme heat stress;0
1548;Новосибирск;1991;extreme cold stress;1
1549;Новосибирск;1991;strong cold stress;7
1550;Новосибирск;1991;moderate cold stress;12
1551;Новосибирск;1991;slight cold stress;35
1552;Новосибирск;1991;no thermal stress;29
1553;Новосибирск;1991;slight heat stress;38
1554;Новосибирск;1991;moderate heat stress;24
1555;Новосибирск;1991;strong heat stress;7
1556;Новосибирск;1991;extreme heat stress;0
1557;Новосибирск;1992;extreme cold stress;6
1558;Новосибирск;1992;strong cold stress;21
1559;Новосибирск;1992;moderate cold stress;14
1560;Новосибирск;1992;slight cold stress;27
1561;Новосибирск;1992;no thermal stress;30
1562;Новосибирск;1992;slight heat stress;30
1563;Новосибирск;1992;moderate heat stress;17
1564;Новосибирск;1992;strong heat stress;8
1565;Новосибирск;1992;extreme heat stress;0
1566;Новосибирск;1993;extreme cold stress;12
1567;Новосибирск;1993;strong cold stress;13
1568;Новосибирск;1993;moderate cold stress;22
1569;Новосибирск;1993;slight cold stress;19
1570;Новосибирск;1993;no thermal stress;24
1571;Новосибирск;1993;slight heat stress;45
1572;Новосибирск;1993;moderate heat stress;16
1573;Новосибирск;1993;strong heat stress;2
1574;Новосибирск;1993;extreme heat stress;0
1575;Новосибирск;1994;extreme cold stress;1
1576;Новосибирск;1994;strong cold stress;11
1577;Новосибирск;1994;moderate cold stress;20
1578;Новосибирск;1994;slight cold stress;25
1579;Новосибирск;1994;no thermal stress;25
1580;Новосибирск;1994;slight heat stress;34
1581;Новосибирск;1994;moderate heat stress;28
1582;Новосибирск;1994;strong heat stress;9
1583;Новосибирск;1994;extreme heat stress;0
1584;Новосибирск;1995;extreme cold stress;4
1585;Новосибирск;1995;strong cold stress;8
1586;Новосибирск;1995;moderate cold stress;23
1587;Новосибирск;1995;slight cold stress;31
1588;Новосибирск;1995;no thermal stress;28
1589;Новосибирск;1995;slight heat stress;32
1590;Новосибирск;1995;moderate heat stress;21
1591;Новосибирск;1995;strong heat stress;6
1592;Новосибирск;1995;extreme heat stress;0
1593;Новосибирск;1996;extreme cold stress;4
1594;Новосибирск;1996;strong cold stress;16
1595;Новосибирск;1996;moderate cold stress;27
1596;Новосибирск;1996;slight cold stress;26
1597;Новосибирск;1996;no thermal stress;23
1598;Новосибирск;1996;slight heat stress;32
1599;Новосибирск;1996;moderate heat stress;22
1600;Новосибирск;1996;strong heat stress;3
1601;Новосибирск;1996;extreme heat stress;0
1602;Новосибирск;1997;extreme cold stress;1
1603;Новосибирск;1997;strong cold stress;6
1604;Новосибирск;1997;moderate cold stress;26
1605;Новосибирск;1997;slight cold stress;36
1606;Новосибирск;1997;no thermal stress;25
1607;Новосибирск;1997;slight heat stress;39
1608;Новосибирск;1997;moderate heat stress;16
1609;Новосибирск;1997;strong heat stress;4
1610;Новосибирск;1997;extreme heat stress;0
1611;Новосибирск;1998;extreme cold stress;10
1612;Новосибирск;1998;strong cold stress;14
1613;Новосибирск;1998;moderate cold stress;11
1614;Новосибирск;1998;slight cold stress;21
1615;Новосибирск;1998;no thermal stress;27
1616;Новосибирск;1998;slight heat stress;31
1617;Новосибирск;1998;moderate heat stress;30
1618;Новосибирск;1998;strong heat stress;8
1619;Новосибирск;1998;extreme heat stress;1
1620;Новосибирск;1999;extreme cold stress;4
1621;Новосибирск;1999;strong cold stress;9
1622;Новосибирск;1999;moderate cold stress;14
1623;Новосибирск;1999;slight cold stress;23
1624;Новосибирск;1999;no thermal stress;29
1625;Новосибирск;1999;slight heat stress;35
1626;Новосибирск;1999;moderate heat stress;33
1627;Новосибирск;1999;strong heat stress;6
1628;Новосибирск;1999;extreme heat stress;0
1629;Новосибирск;2000;extreme cold stress;9
1630;Новосибирск;2000;strong cold stress;7
1631;Новосибирск;2000;moderate cold stress;17
1632;Новосибирск;2000;slight cold stress;21
1633;Новосибирск;2000;no thermal stress;30
1634;Новосибирск;2000;slight heat stress;46
1635;Новосибирск;2000;moderate heat stress;21
1636;Новосибирск;2000;strong heat stress;2
1637;Новосибирск;2000;extreme heat stress;0
1638;Новосибирск;2001;extreme cold stress;1
1639;Новосибирск;2001;strong cold stress;2
1640;Новосибирск;2001;moderate cold stress;17
1641;Новосибирск;2001;slight cold stress;27
1642;Новосибирск;2001;no thermal stress;41
1643;Новосибирск;2001;slight heat stress;44
1644;Новосибирск;2001;moderate heat stress;17
1645;Новосибирск;2001;strong heat stress;4
1646;Новосибирск;2001;extreme heat stress;0
1647;Новосибирск;2002;extreme cold stress;4
1648;Новосибирск;2002;strong cold stress;5
1649;Новосибирск;2002;moderate cold stress;14
1650;Новосибирск;2002;slight cold stress;32
1651;Новосибирск;2002;no thermal stress;41
1652;Новосибирск;2002;slight heat stress;33
1653;Новосибирск;2002;moderate heat stress;22
1654;Новосибирск;2002;strong heat stress;1
1655;Новосибирск;2002;extreme heat stress;1
1656;Новосибирск;2003;extreme cold stress;2
1657;Новосибирск;2003;strong cold stress;6
1658;Новосибирск;2003;moderate cold stress;13
1659;Новосибирск;2003;slight cold stress;17
1660;Новосибирск;2003;no thermal stress;35
1661;Новосибирск;2003;slight heat stress;46
1662;Новосибирск;2003;moderate heat stress;32
1663;Новосибирск;2003;strong heat stress;2
1664;Новосибирск;2003;extreme heat stress;0
1665;Новосибирск;2004;extreme cold stress;7
1666;Новосибирск;2004;strong cold stress;6
1667;Новосибирск;2004;moderate cold stress;13
1668;Новосибирск;2004;slight cold stress;17
1669;Новосибирск;2004;no thermal stress;36
1670;Новосибирск;2004;slight heat stress;35
1671;Новосибирск;2004;moderate heat stress;33
1672;Новосибирск;2004;strong heat stress;5
1673;Новосибирск;2004;extreme heat stress;1
1674;Новосибирск;2005;extreme cold stress;2
1675;Новосибирск;2005;strong cold stress;5
1676;Новосибирск;2005;moderate cold stress;13
1677;Новосибирск;2005;slight cold stress;35
1678;Новосибирск;2005;no thermal stress;33
1679;Новосибирск;2005;slight heat stress;31
1680;Новосибирск;2005;moderate heat stress;26
1681;Новосибирск;2005;strong heat stress;8
1682;Новосибирск;2005;extreme heat stress;0
1683;Новосибирск;2006;extreme cold stress;4
1684;Новосибирск;2006;strong cold stress;6
1685;Новосибирск;2006;moderate cold stress;17
1686;Новосибирск;2006;slight cold stress;32
1687;Новосибирск;2006;no thermal stress;29
1688;Новосибирск;2006;slight heat stress;29
1689;Новосибирск;2006;moderate heat stress;29
1690;Новосибирск;2006;strong heat stress;7
1691;Новосибирск;2006;extreme heat stress;0
1692;Новосибирск;2007;extreme cold stress;2
1693;Новосибирск;2007;strong cold stress;3
1694;Новосибирск;2007;moderate cold stress;24
1695;Новосибирск;2007;slight cold stress;39
1696;Новосибирск;2007;no thermal stress;27
1697;Новосибирск;2007;slight heat stress;31
1698;Новосибирск;2007;moderate heat stress;21
1699;Новосибирск;2007;strong heat stress;6
1700;Новосибирск;2007;extreme heat stress;0
1701;Новосибирск;2008;extreme cold stress;5
1702;Новосибирск;2008;strong cold stress;9
1703;Новосибирск;2008;moderate cold stress;19
1704;Новосибирск;2008;slight cold stress;20
1705;Новосибирск;2008;no thermal stress;33
1706;Новосибирск;2008;slight heat stress;36
1707;Новосибирск;2008;moderate heat stress;29
1708;Новосибирск;2008;strong heat stress;2
1709;Новосибирск;2008;extreme heat stress;0
1710;Новосибирск;2009;extreme cold stress;3
1711;Новосибирск;2009;strong cold stress;4
1712;Новосибирск;2009;moderate cold stress;24
1713;Новосибирск;2009;slight cold stress;33
1714;Новосибирск;2009;no thermal stress;39
1715;Новосибирск;2009;slight heat stress;34
1716;Новосибирск;2009;moderate heat stress;15
1717;Новосибирск;2009;strong heat stress;1
1718;Новосибирск;2009;extreme heat stress;0
1719;Новосибирск;2010;extreme cold stress;4
1720;Новосибирск;2010;strong cold stress;14
1721;Новосибирск;2010;moderate cold stress;23
1722;Новосибирск;2010;slight cold stress;27
1723;Новосибирск;2010;no thermal stress;36
1724;Новосибирск;2010;slight heat stress;25
1725;Новосибирск;2010;moderate heat stress;16
1726;Новосибирск;2010;strong heat stress;8
1727;Новосибирск;2010;extreme heat stress;0
1728;Новосибирск;2011;extreme cold stress;2
1729;Новосибирск;2011;strong cold stress;3
1730;Новосибирск;2011;moderate cold stress;18
1731;Новосибирск;2011;slight cold stress;34
1732;Новосибирск;2011;no thermal stress;32
1733;Новосибирск;2011;slight heat stress;43
1734;Новосибирск;2011;moderate heat stress;19
1735;Новосибирск;2011;strong heat stress;2
1736;Новосибирск;2011;extreme heat stress;0
1737;Новосибирск;2012;extreme cold stress;0
1738;Новосибирск;2012;strong cold stress;7
1739;Новосибирск;2012;moderate cold stress;20
1740;Новосибирск;2012;slight cold stress;18
1741;Новосибирск;2012;no thermal stress;20
1742;Новосибирск;2012;slight heat stress;32
1743;Новосибирск;2012;moderate heat stress;37
1744;Новосибирск;2012;strong heat stress;18
1745;Новосибирск;2012;extreme heat stress;1
1746;Новосибирск;2013;extreme cold stress;7
1747;Новосибирск;2013;strong cold stress;18
1748;Новосибирск;2013;moderate cold stress;21
1749;Новосибирск;2013;slight cold stress;25
1750;Новосибирск;2013;no thermal stress;28
1751;Новосибирск;2013;slight heat stress;43
1752;Новосибирск;2013;moderate heat stress;11
1753;Новосибирск;2013;strong heat stress;0
1754;Новосибирск;2013;extreme heat stress;0
1755;Новосибирск;2014;extreme cold stress;6
1756;Новосибирск;2014;strong cold stress;7
1757;Новосибирск;2014;moderate cold stress;28
1758;Новосибирск;2014;slight cold stress;25
1759;Новосибирск;2014;no thermal stress;19
1760;Новосибирск;2014;slight heat stress;28
1761;Новосибирск;2014;moderate heat stress;29
1762;Новосибирск;2014;strong heat stress;10
1763;Новосибирск;2014;extreme heat stress;1
1764;Новосибирск;2015;extreme cold stress;7
1765;Новосибирск;2015;strong cold stress;10
1766;Новосибирск;2015;moderate cold stress;10
1767;Новосибирск;2015;slight cold stress;27
1768;Новосибирск;2015;no thermal stress;28
1769;Новосибирск;2015;slight heat stress;35
1770;Новосибирск;2015;moderate heat stress;27
1771;Новосибирск;2015;strong heat stress;8
1772;Новосибирск;2015;extreme heat stress;1
1773;Новосибирск;2016;extreme cold stress;3
1774;Новосибирск;2016;strong cold stress;7
1775;Новосибирск;2016;moderate cold stress;12
1776;Новосибирск;2016;slight cold stress;19
1777;Новосибирск;2016;no thermal stress;27
1778;Новосибирск;2016;slight heat stress;50
1779;Новосибирск;2016;moderate heat stress;31
1780;Новосибирск;2016;strong heat stress;4
1781;Новосибирск;2016;extreme heat stress;0
1782;Новосибирск;2017;extreme cold stress;10
1783;Новосибирск;2017;strong cold stress;9
1784;Новосибирск;2017;moderate cold stress;14
1785;Новосибирск;2017;slight cold stress;17
1786;Новосибирск;2017;no thermal stress;38
1787;Новосибирск;2017;slight heat stress;32
1788;Новосибирск;2017;moderate heat stress;27
1789;Новосибирск;2017;strong heat stress;5
1790;Новосибирск;2017;extreme heat stress;1
1791;Новосибирск;2018;extreme cold stress;4
1792;Новосибирск;2018;strong cold stress;11
1793;Новосибирск;2018;moderate cold stress;26
1794;Новосибирск;2018;slight cold stress;22
1795;Новосибирск;2018;no thermal stress;30
1796;Новосибирск;2018;slight heat stress;31
1797;Новосибирск;2018;moderate heat stress;22
1798;Новосибирск;2018;strong heat stress;7
1799;Новосибирск;2018;extreme heat stress;0
1800;Санкт-Перербург;1979;extreme cold stress;2
1801;Санкт-Перербург;1979;strong cold stress;8
1802;Санкт-Перербург;1979;moderate cold stress;26
1803;Санкт-Перербург;1979;slight cold stress;34
1804;Санкт-Перербург;1979;no thermal stress;44
1805;Санкт-Перербург;1979;slight heat stress;31
1806;Санкт-Перербург;1979;moderate heat stress;8
1807;Санкт-Перербург;1979;strong heat stress;0
1808;Санкт-Перербург;1979;extreme heat stress;0
1809;Санкт-Перербург;1980;extreme cold stress;7
1810;Санкт-Перербург;1980;strong cold stress;13
1811;Санкт-Перербург;1980;moderate cold stress;30
1812;Санкт-Перербург;1980;slight cold stress;30
1813;Санкт-Перербург;1980;no thermal stress;35
1814;Санкт-Перербург;1980;slight heat stress;24
1815;Санкт-Перербург;1980;moderate heat stress;14
1816;Санкт-Перербург;1980;strong heat stress;0
1817;Санкт-Перербург;1980;extreme heat stress;0
1818;Санкт-Перербург;1981;extreme cold stress;2
1819;Санкт-Перербург;1981;strong cold stress;10
1820;Санкт-Перербург;1981;moderate cold stress;19
1821;Санкт-Перербург;1981;slight cold stress;43
1822;Санкт-Перербург;1981;no thermal stress;33
1823;Санкт-Перербург;1981;slight heat stress;32
1824;Санкт-Перербург;1981;moderate heat stress;14
1825;Санкт-Перербург;1981;strong heat stress;0
1826;Санкт-Перербург;1981;extreme heat stress;0
1827;Санкт-Перербург;1982;extreme cold stress;1
1828;Санкт-Перербург;1982;strong cold stress;14
1829;Санкт-Перербург;1982;moderate cold stress;29
1830;Санкт-Перербург;1982;slight cold stress;47
1831;Санкт-Перербург;1982;no thermal stress;33
1832;Санкт-Перербург;1982;slight heat stress;23
1833;Санкт-Перербург;1982;moderate heat stress;6
1834;Санкт-Перербург;1982;strong heat stress;0
1835;Санкт-Перербург;1982;extreme heat stress;0
1836;Санкт-Перербург;1983;extreme cold stress;2
1837;Санкт-Перербург;1983;strong cold stress;9
1838;Санкт-Перербург;1983;moderate cold stress;16
1839;Санкт-Перербург;1983;slight cold stress;45
1840;Санкт-Перербург;1983;no thermal stress;39
1841;Санкт-Перербург;1983;slight heat stress;31
1842;Санкт-Перербург;1983;moderate heat stress;11
1843;Санкт-Перербург;1983;strong heat stress;0
1844;Санкт-Перербург;1983;extreme heat stress;0
1845;Санкт-Перербург;1984;extreme cold stress;0
1846;Санкт-Перербург;1984;strong cold stress;9
1847;Санкт-Перербург;1984;moderate cold stress;35
1848;Санкт-Перербург;1984;slight cold stress;32
1849;Санкт-Перербург;1984;no thermal stress;46
1850;Санкт-Перербург;1984;slight heat stress;22
1851;Санкт-Перербург;1984;moderate heat stress;9
1852;Санкт-Перербург;1984;strong heat stress;0
1853;Санкт-Перербург;1984;extreme heat stress;0
1854;Санкт-Перербург;1985;extreme cold stress;4
1855;Санкт-Перербург;1985;strong cold stress;11
1856;Санкт-Перербург;1985;moderate cold stress;27
1857;Санкт-Перербург;1985;slight cold stress;45
1858;Санкт-Перербург;1985;no thermal stress;34
1859;Санкт-Перербург;1985;slight heat stress;26
1860;Санкт-Перербург;1985;moderate heat stress;4
1861;Санкт-Перербург;1985;strong heat stress;2
1862;Санкт-Перербург;1985;extreme heat stress;0
1863;Санкт-Перербург;1986;extreme cold stress;9
1864;Санкт-Перербург;1986;strong cold stress;13
1865;Санкт-Перербург;1986;moderate cold stress;25
1866;Санкт-Перербург;1986;slight cold stress;34
1867;Санкт-Перербург;1986;no thermal stress;30
1868;Санкт-Перербург;1986;slight heat stress;28
1869;Санкт-Перербург;1986;moderate heat stress;14
1870;Санкт-Перербург;1986;strong heat stress;0
1871;Санкт-Перербург;1986;extreme heat stress;0
1872;Санкт-Перербург;1987;extreme cold stress;9
1873;Санкт-Перербург;1987;strong cold stress;22
1874;Санкт-Перербург;1987;moderate cold stress;20
1875;Санкт-Перербург;1987;slight cold stress;41
1876;Санкт-Перербург;1987;no thermal stress;46
1877;Санкт-Перербург;1987;slight heat stress;12
1878;Санкт-Перербург;1987;moderate heat stress;3
1879;Санкт-Перербург;1987;strong heat stress;0
1880;Санкт-Перербург;1987;extreme heat stress;0
1881;Санкт-Перербург;1988;extreme cold stress;0
1882;Санкт-Перербург;1988;strong cold stress;8
1883;Санкт-Перербург;1988;moderate cold stress;19
1884;Санкт-Перербург;1988;slight cold stress;34
1885;Санкт-Перербург;1988;no thermal stress;42
1886;Санкт-Перербург;1988;slight heat stress;26
1887;Санкт-Перербург;1988;moderate heat stress;24
1888;Санкт-Перербург;1988;strong heat stress;0
1889;Санкт-Перербург;1988;extreme heat stress;0
1890;Санкт-Перербург;1989;extreme cold stress;0
1891;Санкт-Перербург;1989;strong cold stress;5
1892;Санкт-Перербург;1989;moderate cold stress;20
1893;Санкт-Перербург;1989;slight cold stress;44
1894;Санкт-Перербург;1989;no thermal stress;40
1895;Санкт-Перербург;1989;slight heat stress;35
1896;Санкт-Перербург;1989;moderate heat stress;9
1897;Санкт-Перербург;1989;strong heat stress;0
1898;Санкт-Перербург;1989;extreme heat stress;0
1899;Санкт-Перербург;1990;extreme cold stress;6
1900;Санкт-Перербург;1990;strong cold stress;14
1901;Санкт-Перербург;1990;moderate cold stress;36
1902;Санкт-Перербург;1990;slight cold stress;36
1903;Санкт-Перербург;1990;no thermal stress;36
1904;Санкт-Перербург;1990;slight heat stress;23
1905;Санкт-Перербург;1990;moderate heat stress;2
1906;Санкт-Перербург;1990;strong heat stress;0
1907;Санкт-Перербург;1990;extreme heat stress;0
1908;Санкт-Перербург;1991;extreme cold stress;2
1909;Санкт-Перербург;1991;strong cold stress;7
1910;Санкт-Перербург;1991;moderate cold stress;33
1911;Санкт-Перербург;1991;slight cold stress;39
1912;Санкт-Перербург;1991;no thermal stress;37
1913;Санкт-Перербург;1991;slight heat stress;26
1914;Санкт-Перербург;1991;moderate heat stress;9
1915;Санкт-Перербург;1991;strong heat stress;0
1916;Санкт-Перербург;1991;extreme heat stress;0
1917;Санкт-Перербург;1992;extreme cold stress;0
1918;Санкт-Перербург;1992;strong cold stress;5
1919;Санкт-Перербург;1992;moderate cold stress;23
1920;Санкт-Перербург;1992;slight cold stress;41
1921;Санкт-Перербург;1992;no thermal stress;38
1922;Санкт-Перербург;1992;slight heat stress;32
1923;Санкт-Перербург;1992;moderate heat stress;14
1924;Санкт-Перербург;1992;strong heat stress;0
1925;Санкт-Перербург;1992;extreme heat stress;0
1926;Санкт-Перербург;1993;extreme cold stress;7
1927;Санкт-Перербург;1993;strong cold stress;11
1928;Санкт-Перербург;1993;moderate cold stress;38
1929;Санкт-Перербург;1993;slight cold stress;28
1930;Санкт-Перербург;1993;no thermal stress;43
1931;Санкт-Перербург;1993;slight heat stress;25
1932;Санкт-Перербург;1993;moderate heat stress;1
1933;Санкт-Перербург;1993;strong heat stress;0
1934;Санкт-Перербург;1993;extreme heat stress;0
1935;Санкт-Перербург;1994;extreme cold stress;3
1936;Санкт-Перербург;1994;strong cold stress;9
1937;Санкт-Перербург;1994;moderate cold stress;28
1938;Санкт-Перербург;1994;slight cold stress;50
1939;Санкт-Перербург;1994;no thermal stress;33
1940;Санкт-Перербург;1994;slight heat stress;14
1941;Санкт-Перербург;1994;moderate heat stress;14
1942;Санкт-Перербург;1994;strong heat stress;2
1943;Санкт-Перербург;1994;extreme heat stress;0
1944;Санкт-Перербург;1995;extreme cold stress;6
1945;Санкт-Перербург;1995;strong cold stress;6
1946;Санкт-Перербург;1995;moderate cold stress;24
1947;Санкт-Перербург;1995;slight cold stress;29
1948;Санкт-Перербург;1995;no thermal stress;48
1949;Санкт-Перербург;1995;slight heat stress;31
1950;Санкт-Перербург;1995;moderate heat stress;9
1951;Санкт-Перербург;1995;strong heat stress;0
1952;Санкт-Перербург;1995;extreme heat stress;0
1953;Санкт-Перербург;1996;extreme cold stress;6
1954;Санкт-Перербург;1996;strong cold stress;12
1955;Санкт-Перербург;1996;moderate cold stress;32
1956;Санкт-Перербург;1996;slight cold stress;29
1957;Санкт-Перербург;1996;no thermal stress;38
1958;Санкт-Перербург;1996;slight heat stress;34
1959;Санкт-Перербург;1996;moderate heat stress;2
1960;Санкт-Перербург;1996;strong heat stress;0
1961;Санкт-Перербург;1996;extreme heat stress;0
1962;Санкт-Перербург;1997;extreme cold stress;9
1963;Санкт-Перербург;1997;strong cold stress;15
1964;Санкт-Перербург;1997;moderate cold stress;21
1965;Санкт-Перербург;1997;slight cold stress;29
1966;Санкт-Перербург;1997;no thermal stress;23
1967;Санкт-Перербург;1997;slight heat stress;39
1968;Санкт-Перербург;1997;moderate heat stress;17
1969;Санкт-Перербург;1997;strong heat stress;0
1970;Санкт-Перербург;1997;extreme heat stress;0
1971;Санкт-Перербург;1998;extreme cold stress;3
1972;Санкт-Перербург;1998;strong cold stress;10
1973;Санкт-Перербург;1998;moderate cold stress;29
1974;Санкт-Перербург;1998;slight cold stress;45
1975;Санкт-Перербург;1998;no thermal stress;34
1976;Санкт-Перербург;1998;slight heat stress;26
1977;Санкт-Перербург;1998;moderate heat stress;5
1978;Санкт-Перербург;1998;strong heat stress;1
1979;Санкт-Перербург;1998;extreme heat stress;0
1980;Санкт-Перербург;1999;extreme cold stress;7
1981;Санкт-Перербург;1999;strong cold stress;7
1982;Санкт-Перербург;1999;moderate cold stress;25
1983;Санкт-Перербург;1999;slight cold stress;26
1984;Санкт-Перербург;1999;no thermal stress;35
1985;Санкт-Перербург;1999;slight heat stress;26
1986;Санкт-Перербург;1999;moderate heat stress;26
1987;Санкт-Перербург;1999;strong heat stress;1
1988;Санкт-Перербург;1999;extreme heat stress;0
1989;Санкт-Перербург;2000;extreme cold stress;3
1990;Санкт-Перербург;2000;strong cold stress;9
1991;Санкт-Перербург;2000;moderate cold stress;34
1992;Санкт-Перербург;2000;slight cold stress;31
1993;Санкт-Перербург;2000;no thermal stress;44
1994;Санкт-Перербург;2000;slight heat stress;26
1995;Санкт-Перербург;2000;moderate heat stress;6
1996;Санкт-Перербург;2000;strong heat stress;0
1997;Санкт-Перербург;2000;extreme heat stress;0
1998;Санкт-Перербург;2001;extreme cold stress;3
1999;Санкт-Перербург;2001;strong cold stress;11
2000;Санкт-Перербург;2001;moderate cold stress;16
2001;Санкт-Перербург;2001;slight cold stress;45
2002;Санкт-Перербург;2001;no thermal stress;40
2003;Санкт-Перербург;2001;slight heat stress;23
2004;Санкт-Перербург;2001;moderate heat stress;14
2005;Санкт-Перербург;2001;strong heat stress;1
2006;Санкт-Перербург;2001;extreme heat stress;0
2007;Санкт-Перербург;2002;extreme cold stress;4
2008;Санкт-Перербург;2002;strong cold stress;10
2009;Санкт-Перербург;2002;moderate cold stress;12
2010;Санкт-Перербург;2002;slight cold stress;26
2011;Санкт-Перербург;2002;no thermal stress;43
2012;Санкт-Перербург;2002;slight heat stress;42
2013;Санкт-Перербург;2002;moderate heat stress;14
2014;Санкт-Перербург;2002;strong heat stress;2
2015;Санкт-Перербург;2002;extreme heat stress;0
2016;Санкт-Перербург;2003;extreme cold stress;2
2017;Санкт-Перербург;2003;strong cold stress;5
2018;Санкт-Перербург;2003;moderate cold stress;33
2019;Санкт-Перербург;2003;slight cold stress;47
2020;Санкт-Перербург;2003;no thermal stress;30
2021;Санкт-Перербург;2003;slight heat stress;20
2022;Санкт-Перербург;2003;moderate heat stress;16
2023;Санкт-Перербург;2003;strong heat stress;0
2024;Санкт-Перербург;2003;extreme heat stress;0
2025;Санкт-Перербург;2004;extreme cold stress;1
2026;Санкт-Перербург;2004;strong cold stress;6
2027;Санкт-Перербург;2004;moderate cold stress;31
2028;Санкт-Перербург;2004;slight cold stress;42
2029;Санкт-Перербург;2004;no thermal stress;32
2030;Санкт-Перербург;2004;slight heat stress;34
2031;Санкт-Перербург;2004;moderate heat stress;7
2032;Санкт-Перербург;2004;strong heat stress;0
2033;Санкт-Перербург;2004;extreme heat stress;0
2034;Санкт-Перербург;2005;extreme cold stress;1
2035;Санкт-Перербург;2005;strong cold stress;8
2036;Санкт-Перербург;2005;moderate cold stress;18
2037;Санкт-Перербург;2005;slight cold stress;52
2038;Санкт-Перербург;2005;no thermal stress;31
2039;Санкт-Перербург;2005;slight heat stress;34
2040;Санкт-Перербург;2005;moderate heat stress;8
2041;Санкт-Перербург;2005;strong heat stress;1
2042;Санкт-Перербург;2005;extreme heat stress;0
2043;Санкт-Перербург;2006;extreme cold stress;0
2044;Санкт-Перербург;2006;strong cold stress;4
2045;Санкт-Перербург;2006;moderate cold stress;16
2046;Санкт-Перербург;2006;slight cold stress;46
2047;Санкт-Перербург;2006;no thermal stress;41
2048;Санкт-Перербург;2006;slight heat stress;31
2049;Санкт-Перербург;2006;moderate heat stress;12
2050;Санкт-Перербург;2006;strong heat stress;3
2051;Санкт-Перербург;2006;extreme heat stress;0
2052;Санкт-Перербург;2007;extreme cold stress;2
2053;Санкт-Перербург;2007;strong cold stress;9
2054;Санкт-Перербург;2007;moderate cold stress;23
2055;Санкт-Перербург;2007;slight cold stress;33
2056;Санкт-Перербург;2007;no thermal stress;36
2057;Санкт-Перербург;2007;slight heat stress;35
2058;Санкт-Перербург;2007;moderate heat stress;13
2059;Санкт-Перербург;2007;strong heat stress;2
2060;Санкт-Перербург;2007;extreme heat stress;0
2061;Санкт-Перербург;2008;extreme cold stress;1
2062;Санкт-Перербург;2008;strong cold stress;13
2063;Санкт-Перербург;2008;moderate cold stress;26
2064;Санкт-Перербург;2008;slight cold stress;52
2065;Санкт-Перербург;2008;no thermal stress;38
2066;Санкт-Перербург;2008;slight heat stress;20
2067;Санкт-Перербург;2008;moderate heat stress;2
2068;Санкт-Перербург;2008;strong heat stress;1
2069;Санкт-Перербург;2008;extreme heat stress;0
2070;Санкт-Перербург;2009;extreme cold stress;1
2071;Санкт-Перербург;2009;strong cold stress;7
2072;Санкт-Перербург;2009;moderate cold stress;19
2073;Санкт-Перербург;2009;slight cold stress;48
2074;Санкт-Перербург;2009;no thermal stress;44
2075;Санкт-Перербург;2009;slight heat stress;28
2076;Санкт-Перербург;2009;moderate heat stress;6
2077;Санкт-Перербург;2009;strong heat stress;0
2078;Санкт-Перербург;2009;extreme heat stress;0
2079;Санкт-Перербург;2010;extreme cold stress;1
2080;Санкт-Перербург;2010;strong cold stress;9
2081;Санкт-Перербург;2010;moderate cold stress;23
2082;Санкт-Перербург;2010;slight cold stress;28
2083;Санкт-Перербург;2010;no thermal stress;29
2084;Санкт-Перербург;2010;slight heat stress;26
2085;Санкт-Перербург;2010;moderate heat stress;21
2086;Санкт-Перербург;2010;strong heat stress;16
2087;Санкт-Перербург;2010;extreme heat stress;0
2088;Санкт-Перербург;2011;extreme cold stress;3
2089;Санкт-Перербург;2011;strong cold stress;6
2090;Санкт-Перербург;2011;moderate cold stress;24
2091;Санкт-Перербург;2011;slight cold stress;33
2092;Санкт-Перербург;2011;no thermal stress;35
2093;Санкт-Перербург;2011;slight heat stress;34
2094;Санкт-Перербург;2011;moderate heat stress;15
2095;Санкт-Перербург;2011;strong heat stress;3
2096;Санкт-Перербург;2011;extreme heat stress;0
2097;Санкт-Перербург;2012;extreme cold stress;0
2098;Санкт-Перербург;2012;strong cold stress;7
2099;Санкт-Перербург;2012;moderate cold stress;27
2100;Санкт-Перербург;2012;slight cold stress;45
2101;Санкт-Перербург;2012;no thermal stress;45
2102;Санкт-Перербург;2012;slight heat stress;22
2103;Санкт-Перербург;2012;moderate heat stress;7
2104;Санкт-Перербург;2012;strong heat stress;0
2105;Санкт-Перербург;2012;extreme heat stress;0
2106;Санкт-Перербург;2013;extreme cold stress;4
2107;Санкт-Перербург;2013;strong cold stress;4
2108;Санкт-Перербург;2013;moderate cold stress;7
2109;Санкт-Перербург;2013;slight cold stress;34
2110;Санкт-Перербург;2013;no thermal stress;53
2111;Санкт-Перербург;2013;slight heat stress;31
2112;Санкт-Перербург;2013;moderate heat stress;20
2113;Санкт-Перербург;2013;strong heat stress;0
2114;Санкт-Перербург;2013;extreme heat stress;0
2115;Санкт-Перербург;2014;extreme cold stress;3
2116;Санкт-Перербург;2014;strong cold stress;10
2117;Санкт-Перербург;2014;moderate cold stress;17
2118;Санкт-Перербург;2014;slight cold stress;40
2119;Санкт-Перербург;2014;no thermal stress;30
2120;Санкт-Перербург;2014;slight heat stress;24
2121;Санкт-Перербург;2014;moderate heat stress;28
2122;Санкт-Перербург;2014;strong heat stress;1
2123;Санкт-Перербург;2014;extreme heat stress;0
2124;Санкт-Перербург;2015;extreme cold stress;0
2125;Санкт-Перербург;2015;strong cold stress;4
2126;Санкт-Перербург;2015;moderate cold stress;22
2127;Санкт-Перербург;2015;slight cold stress;54
2128;Санкт-Перербург;2015;no thermal stress;40
2129;Санкт-Перербург;2015;slight heat stress;31
2130;Санкт-Перербург;2015;moderate heat stress;2
2131;Санкт-Перербург;2015;strong heat stress;0
2132;Санкт-Перербург;2015;extreme heat stress;0
2133;Санкт-Перербург;2016;extreme cold stress;1
2134;Санкт-Перербург;2016;strong cold stress;4
2135;Санкт-Перербург;2016;moderate cold stress;26
2136;Санкт-Перербург;2016;slight cold stress;43
2137;Санкт-Перербург;2016;no thermal stress;37
2138;Санкт-Перербург;2016;slight heat stress;31
2139;Санкт-Перербург;2016;moderate heat stress;11
2140;Санкт-Перербург;2016;strong heat stress;0
2141;Санкт-Перербург;2016;extreme heat stress;0
2142;Санкт-Перербург;2017;extreme cold stress;4
2143;Санкт-Перербург;2017;strong cold stress;9
2144;Санкт-Перербург;2017;moderate cold stress;31
2145;Санкт-Перербург;2017;slight cold stress;50
2146;Санкт-Перербург;2017;no thermal stress;36
2147;Санкт-Перербург;2017;slight heat stress;20
2148;Санкт-Перербург;2017;moderate heat stress;3
2149;Санкт-Перербург;2017;strong heat stress;0
2150;Санкт-Перербург;2017;extreme heat stress;0
2151;Санкт-Перербург;2018;extreme cold stress;3
2152;Санкт-Перербург;2018;strong cold stress;5
2153;Санкт-Перербург;2018;moderate cold stress;15
2154;Санкт-Перербург;2018;slight cold stress;28
2155;Санкт-Перербург;2018;no thermal stress;43
2156;Санкт-Перербург;2018;slight heat stress;37
2157;Санкт-Перербург;2018;moderate heat stress;21
2158;Санкт-Перербург;2018;strong heat stress;1
2159;Санкт-Перербург;2018;extreme heat stress;0
